,Employee_ID,Name,email,gender,Department,Education level,Date Hired,Still Employed,Work-Life Balance Score,Absenteeism Rate,Performance Review Score,Training Courses Attended,Current Salary,Benefits,Source of Hire,Starting Salary,Salary Growth (%),Promoted,reason_for_leaving,last_day_of_employment,root_cause_leaving,turnover_type,Performance_group
0,1,Skipp Gronaver,sgronaver0@dyndns.org,Male,Engineering,PhD,1997-08-07,True,4,Low,Below Expectations,Effective Communication Skills,78240.83,performance bonuses,Social media,70000,11.77261428571429,Yes,,,,,Low
1,2,Pablo Libby,plibby1@wp.com,Male,Human Resources,PhD,2002-07-17,True,4,High,Outstanding,Public Speaking Mastery,64892.82,gym membership,Social media,60000,8.1547,No,,,,,High
2,3,Leonid McCombe,lmccombe2@sakura.ne.jp,Male,Services,Master's Degree,1998-10-27,True,4,Moderate,Superior,Advanced Excel Techniques,88772.56,professional development opportunities,Recruiter,95000,-6.555200000000003,No,,,,,High
3,4,Bary Rachuig,brachuig3@unc.edu,Male,Product Management,Professional Degree,1983-03-01,False,2,Low,Superior,Advanced Excel Techniques,116963.07,professional development opportunities,Job board,70000,67.0901,No,Company downsizing,2012-08-16,Organizational Restructuring,Involuntary,High
4,5,Anestassia Langhorne,alanghorne4@mail.ru,Female,Business Development,Professional Degree,1996-08-07,True,3,High,Average,Digital Marketing Strategies,80644.56,flexible work hours,Employee referral,65000,24.06855384615384,No,,,,,Meet Expectation
5,6,Jemie Makepeace,jmakepeace5@t.co,Female,Business Development,Associate's Degree,2002-01-31,False,5,High,Below Expectations,Digital Marketing Strategies,54642.58,remote work option,Recruiter,85000,-35.71461176470588,Yes,Career change,2014-02-01,Career & Compensation,Voluntary,Low
6,7,Essa Thornborrow,ethornborrow6@sciencedirect.com,Female,Product Management,PhD,2011-03-26,False,3,Moderate,Good,Digital Marketing Strategies,92433.81,remote work option,Social media,90000,2.704233333333331,No,Family commitments,2015-05-22,Personal - Life Events,Voluntary,Meet Expectation
7,8,Deirdre Minty,dminty7@nhs.uk,Female,Support,Professional Degree,2012-08-30,True,2,Moderate,Below Expectations,Leadership Development Program,114032.3,professional development opportunities,Job board,75000,52.04306666666667,Yes,,,,,Low
8,9,Willette Newson,wnewson8@soup.io,Female,Research and Development,Master's Degree,2021-09-14,True,2,Low,Needs Improvement,Cybersecurity Basics,137550.14,company car,Employee referral,65000,111.6156,No,,,,,Low
9,10,Chrissy Beran,cberan9@foxnews.com,Male,Business Development,Associate's Degree,1996-06-17,False,3,Low,Satisfactory,Customer Service Excellence,67796.98,performance bonuses,Company website,75000,-9.604026666666671,No,Company downsizing,2017-04-08,Organizational Restructuring,Involuntary,Meet Expectation
10,11,Harland Durrand,hdurranda@google.ca,Male,Human Resources,Associate's Degree,2000-06-26,True,2,High,Below Expectations,Project Management Fundamentals,121795.4,remote work option,Social media,85000,43.28870588235294,Yes,,,,,Low
11,12,Saxon Furby,sfurbyb@prweb.com,Male,Engineering,Master's Degree,2011-10-28,True,3,Moderate,Exceptional,Customer Service Excellence,121029.58,free snacks,Job board,50000,142.05916,No,,,,,High
12,13,Caryl Mor,cmorc@creativecommons.org,Male,Product Management,Master's Degree,2000-06-05,False,4,Low,Below Expectations,Customer Service Excellence,80765.69,flexible work hours,Job board,75000,7.68758666666667,No,Health reasons,2020-01-20,Personal - Life Events,Voluntary,Low
13,14,Ezri Addison,eaddisond@is.gd,Male,Business Development,PhD,2008-02-28,True,3,Moderate,Below Expectations,Cybersecurity Basics,107035.69,performance bonuses,Recruiter,55000,94.61034545454548,No,,,,,Low
14,15,Noll Keysel,nkeysele@gnu.org,Male,Accounting,Associate's Degree,2017-09-02,True,2,Moderate,Superior,Public Speaking Mastery,56482.75,remote work option,Recruiter,50000,12.9655,No,,,,,High
15,16,Genovera Jupe,gjupef@indiatimes.com,Female,Engineering,Professional Degree,1992-05-29,True,2,High,Unsatisfactory,Digital Marketing Strategies,148526.79,free snacks,Company website,70000,112.1811285714286,No,,,,,Low
16,17,Tedie Evenett,tevenettg@about.com,Male,Support,Master's Degree,2009-01-27,True,1,High,Below Expectations,Introduction to Data Science,62691.59,health insurance,Recruiter,70000,-10.44058571428572,Yes,,,,,Low
17,18,Annora Treasaden,atreasadenh@dedecms.com,Female,Training,PhD,2023-03-26,True,5,Low,Superior,Project Management Fundamentals,115585.02,gym membership,Company website,90000,28.4278,No,,,,,High
18,19,Justine Rushbrooke,jrushbrookei@mac.com,Female,Accounting,Associate's Degree,1981-03-25,False,3,High,Below Expectations,Digital Marketing Strategies,46553.29,paid time off,Social media,70000,-33.4953,Yes,Found a better opportunity,2007-11-06,Career & Compensation,Voluntary,Low
19,20,Gerrie Govenlock,ggovenlockj@cbsnews.com,Female,Accounting,PhD,2006-10-04,False,2,Moderate,Average,Digital Marketing Strategies,87417.26,paid time off,Job board,60000,45.69543333333333,Yes,Relocation,2019-08-11,Personal - Life Events,Voluntary,Meet Expectation
20,21,Hy Moreman,hmoremank@so-net.ne.jp,Male,Accounting,Professional Degree,1993-03-17,True,1,High,Satisfactory,Project Management Fundamentals,134177.3,free snacks,Recruiter,95000,41.23926315789473,No,,,,,Meet Expectation
21,22,Lynda Ledes,lledesl@g.co,Female,Sales,PhD,1993-02-27,True,4,High,Good,Introduction to Data Science,122914.85,company car,Company website,90000,36.57205555555556,Yes,,,,,Meet Expectation
22,23,Ermin Burnand,eburnandm@free.fr,Male,Engineering,High School Diploma,2007-10-15,True,2,High,Good,Cybersecurity Basics,113651.24,performance bonuses,Employee referral,80000,42.06405000000001,Yes,,,,,Meet Expectation
23,24,Granville Esmond,gesmondn@nbcnews.com,Male,Research and Development,Bachelor's Degree,1997-03-20,True,2,Moderate,Good,Negotiation Skills Workshop,141320.47,401k matching,Company website,70000,101.8863857142857,No,,,,,Meet Expectation
24,25,Ashien Fakes,afakeso@4shared.com,Female,Training,PhD,1982-07-30,False,4,Low,Excellent,Introduction to Data Science,94662.64,flexible work hours,Recruiter,55000,72.11389090909091,No,Family commitments,2007-10-23,Personal - Life Events,Voluntary,High
25,26,Bordy Tuther,btutherp@cmu.edu,Male,Support,Professional Degree,1997-03-25,True,5,High,Excellent,Leadership Development Program,48558.61,free snacks,Employee referral,90000,-46.04598888888889,No,,,,,High
26,27,Farrand Smorthwaite,fsmorthwaiteq@mozilla.com,Female,Research and Development,Master's Degree,2017-09-14,True,4,Low,Average,Effective Communication Skills,42483.13,company car,Employee referral,85000,-50.01984705882353,No,,,,,Meet Expectation
27,28,Cobby Shallcrass,cshallcrassr@oracle.com,Male,Sales,Master's Degree,1994-08-27,False,1,Low,Superior,Leadership Development Program,56427.09,performance bonuses,Job board,95000,-40.60306315789474,Yes,Found a better opportunity,2021-03-30,Career & Compensation,Voluntary,High
28,29,Esra O' Kelleher,eos@mlb.com,Male,Business Development,Professional Degree,1991-05-30,True,4,Moderate,Good,Introduction to Data Science,69869.27,performance bonuses,Social media,70000,-0.186757142857137,No,,,,,Meet Expectation
29,30,Meghan Habens,mhabenst@gravatar.com,Female,Services,Professional Degree,2001-07-10,True,4,Low,Unsatisfactory,Advanced Excel Techniques,84279.84,performance bonuses,Employee referral,85000,-0.8472470588235335,Yes,,,,,Low
30,31,Benson Ducket,bducketu@reddit.com,Male,Business Development,Professional Degree,2002-09-02,True,3,High,Good,Advanced Excel Techniques,90585.28,flexible work hours,Recruiter,75000,20.78037333333333,Yes,,,,,Meet Expectation
31,32,Nye Patterson,npattersonv@arstechnica.com,Male,Human Resources,Professional Degree,2015-06-30,True,2,Moderate,Needs Improvement,Introduction to Data Science,96047.31,performance bonuses,Job board,65000,47.7650923076923,Yes,,,,,Low
32,33,Aurora Maffezzoli,amaffezzoliw@angelfire.com,Female,Research and Development,High School Diploma,2009-04-22,True,1,Moderate,Needs Improvement,Customer Service Excellence,137354.34,remote work option,Recruiter,50000,174.70868,Yes,,,,,Low
33,34,Ive McCorley,imccorleyx@discovery.com,Male,Engineering,Associate's Degree,1990-07-31,True,5,Moderate,Excellent,Introduction to Data Science,82025.45,remote work option,Employee referral,95000,-13.65742105263158,No,,,,,High
34,35,Penny Scholler,pschollery@t.co,Male,Services,High School Diploma,2022-07-15,True,4,Low,Excellent,Cybersecurity Basics,70824.05,gym membership,Job board,55000,28.77100000000001,Yes,,,,,High
35,36,Annie Pegden,apegdenz@imageshack.us,Female,Business Development,Professional Degree,2006-08-18,False,1,Low,Outstanding,Negotiation Skills Workshop,111421.96,flexible work hours,Job board,65000,71.41840000000002,Yes,Relocation,2011-02-11,Personal - Life Events,Voluntary,High
36,37,Madelena Sargeant,msargeant10@bloglovin.com,Female,Marketing,Professional Degree,1992-07-28,True,1,Moderate,Exceptional,Cybersecurity Basics,98230.92,professional development opportunities,Social media,70000,40.32988571428572,No,,,,,High
37,38,Tova Goodge,tgoodge11@samsung.com,Female,Accounting,Associate's Degree,1990-11-08,True,5,Low,Satisfactory,Public Speaking Mastery,125841.4,health insurance,Recruiter,75000,67.78853333333332,Yes,,,,,Meet Expectation
38,39,Drusi Place,dplace12@theguardian.com,Female,Legal,Bachelor's Degree,2001-09-16,True,5,High,Unsatisfactory,Leadership Development Program,50303.29,paid time off,Job board,90000,-44.10745555555555,Yes,,,,,Low
39,40,Giraldo Roxby,groxby13@craigslist.org,Male,Training,Associate's Degree,2006-01-31,True,4,Moderate,Needs Improvement,Public Speaking Mastery,139048.58,remote work option,Company website,85000,63.58656470588235,Yes,,,,,Low
40,41,Corney Tredwell,ctredwell14@4shared.com,Male,Accounting,Master's Degree,2019-12-15,True,5,High,Excellent,Advanced Excel Techniques,139001.25,professional development opportunities,Job board,55000,152.7295454545454,Yes,,,,,High
41,42,Marsiella Abrahart,mabrahart15@netlog.com,Female,Human Resources,Master's Degree,1992-04-03,True,1,Moderate,Superior,Public Speaking Mastery,42196.76,paid time off,Recruiter,55000,-23.27861818181818,No,,,,,High
42,43,Phaedra Flucker,pflucker16@vkontakte.ru,Female,Training,Associate's Degree,1975-04-23,False,3,Moderate,Below Expectations,Cybersecurity Basics,104709.17,gym membership,Employee referral,55000,90.38030909090908,Yes,Relocation,2006-03-25,Personal - Life Events,Voluntary,Low
43,44,Burr Cuer,bcuer17@is.gd,Male,Human Resources,PhD,2016-01-25,False,2,High,Needs Improvement,Leadership Development Program,83965.91,free snacks,Job board,65000,29.17832307692309,No,Retirement,2020-03-19,Natural Attrition,Voluntary,Low
44,45,Georgette Coule,gcoule18@qq.com,Female,Product Management,High School Diploma,2012-03-21,True,1,High,Needs Improvement,Advanced Excel Techniques,81033.24,flexible work hours,Job board,95000,-14.70185263157894,No,,,,,Low
45,46,Berkley Renton,brenton19@google.co.jp,Male,Sales,Professional Degree,2000-03-16,True,1,Low,Outstanding,Cybersecurity Basics,70582.34,free snacks,Job board,60000,17.63723333333333,Yes,,,,,High
46,47,Andie Fessler,afessler1a@bizjournals.com,Male,Product Management,Master's Degree,2021-03-04,True,3,Low,Below Expectations,Advanced Excel Techniques,68413.73,401k matching,Company website,60000,14.02288333333333,Yes,,,,,Low
47,48,Tallie Shovelin,tshovelin1b@sfgate.com,Female,Business Development,Professional Degree,2011-05-25,False,2,Low,Superior,Leadership Development Program,71277.06,401k matching,Employee referral,50000,42.55412,No,Relocation,2023-08-08,Personal - Life Events,Voluntary,High
48,49,Darrel Ritchley,dritchley1c@unesco.org,Male,Engineering,Master's Degree,2001-04-24,True,2,High,Below Expectations,Effective Communication Skills,118647.6,401k matching,Employee referral,75000,58.1968,Yes,,,,,Low
49,50,Zeke Kedwell,zkedwell1d@sakura.ne.jp,Male,Human Resources,PhD,2008-02-16,True,2,Moderate,Unsatisfactory,Project Management Fundamentals,40156.56,professional development opportunities,Recruiter,85000,-52.75698823529412,No,,,,,Low
50,51,Clementina Miklem,cmiklem1e@ftc.gov,Female,Engineering,PhD,2011-01-11,True,4,Moderate,Exceptional,Negotiation Skills Workshop,91833.72,free snacks,Employee referral,70000,31.19102857142857,Yes,,,,,High
51,52,Chrysa Parradine,cparradine1f@netvibes.com,Female,Accounting,Professional Degree,2019-12-23,True,4,High,Below Expectations,Effective Communication Skills,149801.72,gym membership,Company website,65000,130.4641846153846,No,,,,,Low
52,53,Taite Proudlock,tproudlock1g@arizona.edu,Male,Accounting,High School Diploma,2004-10-19,False,4,Low,Below Expectations,Public Speaking Mastery,131450.83,paid time off,Recruiter,50000,162.90166,No,Relocation,2022-07-22,Personal - Life Events,Voluntary,Low
53,54,Dolf Millard,dmillard1h@europa.eu,Male,Human Resources,High School Diploma,2012-11-16,True,4,Moderate,Good,Leadership Development Program,103837.51,company car,Employee referral,50000,107.67502,No,,,,,Meet Expectation
54,55,Vinni Willett,vwillett1i@t.co,Female,Product Management,Associate's Degree,1995-04-12,True,4,High,Outstanding,Effective Communication Skills,100639.53,health insurance,Recruiter,75000,34.18604,Yes,,,,,High
55,56,Tadeo Latham,tlatham1j@csmonitor.com,Male,Support,High School Diploma,2017-11-01,True,3,High,Below Expectations,Advanced Excel Techniques,50687.23,flexible work hours,Social media,55000,-7.841399999999994,No,,,,,Low
56,57,Shantee Partkya,spartkya1k@clickbank.net,Female,Research and Development,High School Diploma,2011-02-09,True,3,High,Below Expectations,Public Speaking Mastery,74418.78,health insurance,Company website,65000,14.49043076923077,Yes,,,,,Low
57,58,Nora Ranns,nranns1l@sina.com.cn,Female,Services,Bachelor's Degree,1992-05-29,False,4,Low,Unsatisfactory,Customer Service Excellence,83577.95,performance bonuses,Company website,50000,67.15589999999999,Yes,Lack of growth opportunities,2014-10-25,Career & Compensation,Voluntary,Low
58,59,Valeda Felton,vfelton1m@abc.net.au,Female,Support,Bachelor's Degree,1996-05-19,False,2,Moderate,Exceptional,Customer Service Excellence,49215.52,gym membership,Social media,85000,-42.09938823529412,Yes,Career change,2001-08-25,Career & Compensation,Voluntary,High
59,60,Joycelin Platts,jplatts1n@ed.gov,Female,Training,High School Diploma,1981-05-13,False,1,Low,Excellent,Effective Communication Skills,78788.78,paid time off,Employee referral,70000,12.5554,Yes,Personal reasons,2008-04-29,Personal - Life Events,Voluntary,High
60,61,Teodora Guerre,tguerre1o@facebook.com,Female,Support,Associate's Degree,2014-12-11,False,2,Moderate,Unsatisfactory,Leadership Development Program,147335.37,remote work option,Recruiter,90000,63.70596666666665,Yes,Retirement,2020-10-12,Natural Attrition,Voluntary,Low
61,62,Alasteir Smuth,asmuth1p@scientificamerican.com,Male,Training,Master's Degree,2007-01-25,False,1,Low,Average,Advanced Excel Techniques,72296.18,company car,Social media,80000,-9.62977500000001,No,Relocation,2017-06-10,Personal - Life Events,Voluntary,Meet Expectation
62,63,Redford Larraway,rlarraway1q@mlb.com,Male,Business Development,Bachelor's Degree,1976-05-04,False,2,Moderate,Outstanding,Introduction to Data Science,111611.74,company car,Employee referral,75000,48.81565333333334,No,Contract ended,2001-10-06,Contract Expiration,Involuntary,High
63,64,Galina Wynne,gwynne1r@samsung.com,Female,Legal,PhD,2010-03-08,True,1,Moderate,Exceptional,Advanced Excel Techniques,131660.18,paid time off,Social media,95000,38.58966315789473,Yes,,,,,High
64,65,Karena Gwillyam,kgwillyam1s@time.com,Female,Training,Master's Degree,2005-05-16,True,5,Moderate,Needs Improvement,Advanced Excel Techniques,57391.64,401k matching,Job board,65000,-11.70516923076923,Yes,,,,,Low
65,66,Milt Sleany,msleany1t@biglobe.ne.jp,Male,Accounting,PhD,2003-03-10,True,5,Moderate,Exceptional,Advanced Excel Techniques,88438.1,company car,Social media,55000,60.79654545454547,No,,,,,High
66,67,Ban Annesley,bannesley1u@g.co,Male,Human Resources,Master's Degree,2009-12-14,True,1,Low,Average,Digital Marketing Strategies,144965.82,paid time off,Company website,65000,123.0243384615385,Yes,,,,,Meet Expectation
67,68,Florie Vanyushin,fvanyushin1v@ft.com,Female,Legal,Associate's Degree,1992-08-27,False,1,Low,Average,Introduction to Data Science,132266.89,401k matching,Employee referral,80000,65.33361250000002,No,Health reasons,2005-12-12,Personal - Life Events,Voluntary,Meet Expectation
68,69,Betty French,bfrench1w@shutterfly.com,Female,Product Management,Bachelor's Degree,1991-08-11,True,3,Moderate,Outstanding,Customer Service Excellence,144342.1,health insurance,Recruiter,55000,162.4401818181818,No,,,,,High
69,70,Keen McMearty,kmcmearty1x@chronoengine.com,Male,Product Management,Bachelor's Degree,2004-06-29,True,2,Low,Excellent,Effective Communication Skills,71296.62,free snacks,Recruiter,85000,-16.12162352941177,Yes,,,,,High
70,71,Ammamaria Pulley,apulley1y@soup.io,Female,Support,PhD,2004-09-15,False,5,High,Outstanding,Public Speaking Mastery,73627.99,free snacks,Job board,50000,47.25598000000001,Yes,Retirement,2019-11-17,Natural Attrition,Voluntary,High
71,72,Marita Rudgerd,mrudgerd1z@columbia.edu,Female,Accounting,High School Diploma,1991-09-26,False,3,High,Superior,Cybersecurity Basics,104853.85,health insurance,Employee referral,50000,109.7077,No,Contract ended,2009-02-24,Contract Expiration,Involuntary,High
72,73,Benson Erbe,berbe20@shutterfly.com,Male,Training,Master's Degree,2021-10-10,True,1,Low,Satisfactory,Negotiation Skills Workshop,85360.44,company car,Employee referral,60000,42.2674,No,,,,,Meet Expectation
73,74,Leah Jindrak,ljindrak21@pen.io,Female,Sales,Professional Degree,2009-07-24,False,4,High,Exceptional,Advanced Excel Techniques,44497.27,paid time off,Employee referral,85000,-47.6502705882353,Yes,Health reasons,2021-10-31,Personal - Life Events,Voluntary,High
74,75,Emmie Lampl,elampl22@vkontakte.ru,Female,Product Management,Professional Degree,2007-10-28,False,3,Moderate,Satisfactory,Introduction to Data Science,101630.1,flexible work hours,Employee referral,85000,19.56482352941177,Yes,Retirement,2019-05-27,Natural Attrition,Voluntary,Meet Expectation
75,76,Demetra Josefsson,djosefsson23@springer.com,Female,Human Resources,Bachelor's Degree,1993-07-05,True,1,Low,Unsatisfactory,Project Management Fundamentals,61275.78,paid time off,Employee referral,65000,-5.729569230769233,No,,,,,Low
76,77,Klara Haithwaite,khaithwaite24@army.mil,Female,Marketing,Bachelor's Degree,1995-09-19,True,4,Moderate,Below Expectations,Effective Communication Skills,76935.14,gym membership,Job board,60000,28.22523333333333,Yes,,,,,Low
77,78,Pascale Agneau,pagneau25@cpanel.net,Male,Business Development,Bachelor's Degree,1998-12-21,True,1,High,Needs Improvement,Customer Service Excellence,105162.71,flexible work hours,Job board,75000,40.21694666666667,Yes,,,,,Low
78,79,Sybyl Sailes,ssailes26@sakura.ne.jp,Female,Training,Master's Degree,2009-09-04,True,2,Moderate,Good,Introduction to Data Science,101490.49,401k matching,Job board,95000,6.832094736842111,No,,,,,Meet Expectation
79,80,Trueman Beekmann,tbeekmann27@squidoo.com,Male,Engineering,PhD,2014-06-30,True,1,Low,Outstanding,Introduction to Data Science,92782.42,professional development opportunities,Job board,75000,23.70989333333333,No,,,,,High
80,81,Joellyn Cumberlidge,jcumberlidge28@live.com,Female,Product Management,PhD,1995-11-11,False,4,Low,Unsatisfactory,Advanced Excel Techniques,75210.3,company car,Recruiter,65000,15.70815384615385,Yes,Company downsizing,2019-08-25,Organizational Restructuring,Involuntary,Low
81,82,Matias Trowler,mtrowler29@webnode.com,Male,Services,Master's Degree,1979-11-13,False,1,Moderate,Excellent,Cybersecurity Basics,48586.42,401k matching,Social media,65000,-25.25166153846154,No,Contract ended,2007-05-30,Contract Expiration,Involuntary,High
82,83,Witty Chattaway,wchattaway2a@spotify.com,Male,Engineering,PhD,2022-01-23,True,5,Moderate,Needs Improvement,Public Speaking Mastery,58771.15,remote work option,Social media,80000,-26.5360625,No,,,,,Low
83,84,Bliss McKerley,bmckerley2b@statcounter.com,Female,Business Development,Professional Degree,1994-04-06,False,1,Moderate,Good,Cybersecurity Basics,72072.42,401k matching,Recruiter,95000,-24.13429473684211,Yes,Lack of growth opportunities,2007-06-18,Career & Compensation,Voluntary,Meet Expectation
84,85,Jami Durnall,jdurnall2c@surveymonkey.com,Female,Research and Development,Bachelor's Degree,1995-09-22,False,2,Moderate,Below Expectations,Leadership Development Program,77462.99,flexible work hours,Job board,80000,-3.171262499999993,Yes,Found a better opportunity,2021-05-27,Career & Compensation,Voluntary,Low
85,86,Pepita Perrat,pperrat2d@google.es,Female,Marketing,Bachelor's Degree,2007-11-01,False,5,Moderate,Average,Digital Marketing Strategies,86123.6,gym membership,Social media,70000,23.03371428571429,No,Lack of growth opportunities,2021-02-25,Career & Compensation,Voluntary,Meet Expectation
86,87,Tillie Hillhouse,thillhouse2e@wsj.com,Female,Human Resources,Associate's Degree,1971-04-10,False,4,Low,Superior,Digital Marketing Strategies,105723.13,health insurance,Social media,95000,11.2875052631579,No,Found a better opportunity,2002-02-06,Career & Compensation,Voluntary,High
87,88,Birgit Ding,bding2f@shop-pro.jp,Female,Human Resources,Associate's Degree,2019-04-19,False,2,Moderate,Needs Improvement,Effective Communication Skills,59787.57,paid time off,Company website,65000,-8.019123076923078,Yes,Family commitments,2022-05-31,Personal - Life Events,Voluntary,Low
88,89,Ber Hember,bhember2g@bbb.org,Male,Sales,Bachelor's Degree,2010-11-19,True,4,High,Superior,Leadership Development Program,51936.69,company car,Employee referral,70000,-25.80472857142857,No,,,,,High
89,90,Gabby Clinton,gclinton2h@t.co,Male,Training,PhD,2004-11-22,False,2,Low,Good,Negotiation Skills Workshop,48312.49,free snacks,Company website,80000,-39.6093875,Yes,Retirement,2024-01-21,Natural Attrition,Voluntary,Meet Expectation
90,91,Ladonna De Cristoforo,lde2i@constantcontact.com,Female,Legal,PhD,1997-03-19,False,4,Moderate,Average,Cybersecurity Basics,40482.27,company car,Employee referral,75000,-46.02364000000001,Yes,Career change,2002-12-20,Career & Compensation,Voluntary,Meet Expectation
91,92,Wald Lazar,wlazar2j@nytimes.com,Male,Sales,Master's Degree,2011-05-24,True,2,High,Satisfactory,Negotiation Skills Workshop,61247.64,health insurance,Job board,80000,-23.44045,Yes,,,,,Meet Expectation
92,93,Hunt Shilvock,hshilvock2k@weather.com,Male,Research and Development,Associate's Degree,2007-06-24,True,2,High,Good,Negotiation Skills Workshop,80780.87,paid time off,Employee referral,75000,7.70782666666666,Yes,,,,,Meet Expectation
93,94,Caryl Keasy,ckeasy2l@elpais.com,Male,Research and Development,PhD,2023-09-27,True,3,Moderate,Average,Digital Marketing Strategies,113143.33,flexible work hours,Job board,75000,50.85777333333333,No,,,,,Meet Expectation
94,95,Bird Sholl,bsholl2m@loc.gov,Female,Services,High School Diploma,2002-10-25,False,2,High,Excellent,Leadership Development Program,100173.8,remote work option,Company website,55000,82.13418181818183,Yes,Contract ended,2013-09-17,Contract Expiration,Involuntary,High
95,96,Reyna Breese,rbreese2n@vinaora.com,Female,Accounting,Bachelor's Degree,2010-04-18,False,4,Moderate,Superior,Customer Service Excellence,84632.19,professional development opportunities,Company website,55000,53.87670909090909,No,Personal reasons,2017-09-21,Personal - Life Events,Voluntary,High
96,97,Enrico Thain,ethain2o@blogspot.com,Male,Product Management,High School Diploma,1994-02-03,True,4,Low,Good,Introduction to Data Science,74075.83,gym membership,Job board,90000,-17.69352222222222,No,,,,,Meet Expectation
97,98,Tomasine Denisot,tdenisot2p@cmu.edu,Female,Support,Associate's Degree,1974-11-10,False,5,High,Unsatisfactory,Leadership Development Program,118698.77,remote work option,Employee referral,90000,31.88752222222223,Yes,Personal reasons,2001-12-22,Personal - Life Events,Voluntary,Low
98,99,Cullin Vowles,cvowles2q@furl.net,Male,Business Development,Associate's Degree,2014-12-20,True,3,Moderate,Exceptional,Digital Marketing Strategies,71536.38,paid time off,Company website,60000,19.22730000000001,Yes,,,,,High
99,100,Ambrosius Yashaev,ayashaev2r@furl.net,Male,Engineering,High School Diploma,2016-02-22,True,2,Low,Satisfactory,Digital Marketing Strategies,117706.75,remote work option,Social media,50000,135.4135,No,,,,,Meet Expectation
100,101,Bartie MacVanamy,bmacvanamy2s@yandex.ru,Male,Research and Development,Bachelor's Degree,2020-04-14,True,3,High,Average,Cybersecurity Basics,95700.82,company car,Recruiter,95000,0.7377052631579021,No,,,,,Meet Expectation
101,102,Laurel Pafford,lpafford2t@bigcartel.com,Female,Human Resources,Professional Degree,1974-11-16,False,1,Low,Good,Public Speaking Mastery,65727.78,company car,Company website,60000,9.5463,Yes,Retirement,2002-10-02,Natural Attrition,Voluntary,Meet Expectation
102,103,Lothario Catt,lcatt2u@jugem.jp,Male,Services,Bachelor's Degree,2015-05-27,True,4,Low,Good,Negotiation Skills Workshop,88386.64,professional development opportunities,Recruiter,65000,35.97944615384615,No,,,,,Meet Expectation
103,104,Adelina Heppner,aheppner2v@rambler.ru,Female,Legal,Master's Degree,1996-04-20,True,2,High,Needs Improvement,Digital Marketing Strategies,65353.22,remote work option,Company website,75000,-12.86237333333333,Yes,,,,,Low
104,105,Suzette Harsent,sharsent2w@opera.com,Female,Sales,Master's Degree,2009-03-16,True,1,Low,Unsatisfactory,Cybersecurity Basics,43384.16,401k matching,Recruiter,60000,-27.69306666666666,Yes,,,,,Low
105,106,Beitris Paulitschke,bpaulitschke2x@mayoclinic.com,Female,Legal,Bachelor's Degree,2006-08-04,True,5,Moderate,Unsatisfactory,Project Management Fundamentals,81764.55,company car,Employee referral,50000,63.52910000000001,Yes,,,,,Low
106,107,Christel Joriot,cjoriot2y@furl.net,Female,Legal,Professional Degree,2019-05-21,False,1,Low,Outstanding,Public Speaking Mastery,121223.58,professional development opportunities,Recruiter,60000,102.0393,Yes,Retirement,2021-05-30,Natural Attrition,Voluntary,High
107,108,Tate Marmon,tmarmon2z@intel.com,Male,Business Development,Bachelor's Degree,2019-01-09,True,4,Low,Excellent,Advanced Excel Techniques,120163.99,remote work option,Recruiter,50000,140.32798,No,,,,,High
108,109,Barbette Beedie,bbeedie30@booking.com,Female,Product Management,Associate's Degree,2009-11-07,True,5,Low,Unsatisfactory,Advanced Excel Techniques,133634.54,paid time off,Recruiter,70000,90.90648571428572,No,,,,,Low
109,110,Livvyy Ladbrook,lladbrook31@smh.com.au,Female,Sales,Associate's Degree,2002-03-26,False,4,Low,Excellent,Customer Service Excellence,113349.78,paid time off,Social media,90000,25.9442,No,Found a better opportunity,2021-05-17,Career & Compensation,Voluntary,High
110,111,Vida Enstone,venstone32@newyorker.com,Female,Human Resources,High School Diploma,2016-08-05,True,1,High,Below Expectations,Public Speaking Mastery,47049.79,remote work option,Employee referral,90000,-47.72245555555556,No,,,,,Low
111,112,Libby Arnault,larnault33@deviantart.com,Female,Research and Development,Associate's Degree,1987-10-22,False,2,High,Below Expectations,Cybersecurity Basics,141675.02,remote work option,Social media,90000,57.41668888888888,Yes,Contract ended,2013-06-23,Contract Expiration,Involuntary,Low
112,113,Leroy Edghinn,ledghinn34@technorati.com,Male,Product Management,Master's Degree,2000-12-05,True,3,Low,Average,Leadership Development Program,83855.44,company car,Recruiter,70000,19.79348571428572,No,,,,,Meet Expectation
113,114,Shawnee Lancastle,slancastle35@163.com,Female,Product Management,High School Diploma,1974-12-22,False,4,Moderate,Good,Project Management Fundamentals,62470.42,flexible work hours,Social media,50000,24.94084,Yes,Lack of growth opportunities,2004-08-18,Career & Compensation,Voluntary,Meet Expectation
114,115,Hamish Fogg,hfogg36@exblog.jp,Male,Support,High School Diploma,2017-01-13,True,3,Moderate,Superior,Leadership Development Program,89545.56,gym membership,Job board,75000,19.39408,Yes,,,,,High
115,116,George Tindley,gtindley37@privacy.gov.au,Male,Product Management,Master's Degree,1978-05-10,False,5,High,Needs Improvement,Advanced Excel Techniques,120548.55,gym membership,Social media,95000,26.89321052631579,Yes,Personal reasons,2006-03-18,Personal - Life Events,Voluntary,Low
116,117,Marcellus Biles,mbiles38@bigcartel.com,Male,Research and Development,High School Diploma,2002-05-01,True,1,Moderate,Average,Cybersecurity Basics,65153.47,health insurance,Employee referral,55000,18.46085454545455,No,,,,,Meet Expectation
117,118,Arley Wisniewski,awisniewski39@mozilla.org,Male,Sales,Associate's Degree,1978-09-28,False,4,High,Unsatisfactory,Leadership Development Program,137983.97,flexible work hours,Recruiter,60000,129.9732833333333,Yes,Retirement,2002-02-24,Natural Attrition,Voluntary,Low
118,119,Philis Dobbin,pdobbin3a@go.com,Female,Product Management,High School Diploma,2011-07-29,True,5,Moderate,Needs Improvement,Advanced Excel Techniques,124564.74,gym membership,Recruiter,55000,126.4813454545455,No,,,,,Low
119,120,Nicky Cursey,ncursey3b@latimes.com,Female,Training,Master's Degree,1972-10-13,False,5,Moderate,Below Expectations,Introduction to Data Science,116967.51,company car,Employee referral,50000,133.93502,Yes,Found a better opportunity,2001-10-05,Career & Compensation,Voluntary,Low
120,121,Lothario Genge,lgenge3c@tiny.cc,Male,Engineering,Bachelor's Degree,1991-07-11,False,4,High,Satisfactory,Customer Service Excellence,77403.63,free snacks,Social media,60000,29.00605000000001,No,Company downsizing,2005-01-22,Organizational Restructuring,Involuntary,Meet Expectation
121,122,Della Duley,dduley3d@nasa.gov,Female,Services,Master's Degree,1975-10-02,False,3,Low,Below Expectations,Leadership Development Program,120704.32,professional development opportunities,Social media,70000,72.43474285714287,Yes,Career change,2002-01-01,Career & Compensation,Voluntary,Low
122,123,Gaultiero Grimmett,ggrimmett3e@mayoclinic.com,Male,Marketing,Associate's Degree,2013-10-25,True,3,High,Superior,Introduction to Data Science,53774.61,company car,Social media,60000,-10.37565,Yes,,,,,High
123,124,Keane Osorio,kosorio3f@gravatar.com,Male,Services,Associate's Degree,1992-01-12,True,5,Moderate,Average,Project Management Fundamentals,53775.82,gym membership,Recruiter,80000,-32.780225,No,,,,,Meet Expectation
124,125,Giuseppe Pregal,gpregal3g@taobao.com,Male,Training,Master's Degree,1981-10-27,False,1,Low,Exceptional,Leadership Development Program,83061.99,performance bonuses,Company website,85000,-2.280011764705876,No,Family commitments,2003-03-15,Personal - Life Events,Voluntary,High
125,126,Noni Durant,ndurant3h@tinypic.com,Female,Legal,Master's Degree,2003-12-28,False,5,Moderate,Average,Project Management Fundamentals,65153.96,health insurance,Employee referral,90000,-27.60671111111111,No,Family commitments,2015-02-23,Personal - Life Events,Voluntary,Meet Expectation
126,127,Nichols Castilla,ncastilla3i@nyu.edu,Male,Services,Master's Degree,2018-03-15,True,2,Low,Satisfactory,Introduction to Data Science,82613.13,remote work option,Company website,70000,18.01875714285715,Yes,,,,,Meet Expectation
127,128,Esra Caine,ecaine3j@unblog.fr,Male,Business Development,PhD,2011-05-18,True,2,Moderate,Good,Leadership Development Program,44435.81,professional development opportunities,Employee referral,85000,-47.72257647058824,No,,,,,Meet Expectation
128,129,Bradan Aberhart,baberhart3k@nature.com,Male,Business Development,Associate's Degree,2015-09-07,True,5,High,Excellent,Project Management Fundamentals,135929.27,performance bonuses,Company website,75000,81.23902666666665,No,,,,,High
129,130,Joceline Kelledy,jkelledy3l@aol.com,Female,Engineering,Bachelor's Degree,1991-06-28,True,1,Low,Exceptional,Leadership Development Program,42404.64,health insurance,Company website,90000,-52.88373333333334,No,,,,,High
130,131,Katha Harbin,kharbin3m@wikispaces.com,Female,Training,Associate's Degree,2017-11-09,True,3,Moderate,Average,Digital Marketing Strategies,77048.44,remote work option,Employee referral,85000,-9.354776470588233,Yes,,,,,Meet Expectation
131,132,Malynda Coakley,mcoakley3n@msn.com,Female,Training,High School Diploma,1997-09-23,False,1,Low,Exceptional,Customer Service Excellence,59409.24,401k matching,Job board,65000,-8.601169230769234,Yes,Relocation,2017-05-19,Personal - Life Events,Voluntary,High
132,133,Vidovic Livesay,vlivesay3o@nationalgeographic.com,Male,Research and Development,Master's Degree,2009-05-31,True,5,Low,Superior,Public Speaking Mastery,69853.42,401k matching,Social media,60000,16.42236666666666,Yes,,,,,High
133,134,Basil Cake,bcake3p@mapquest.com,Male,Accounting,PhD,1995-11-17,True,5,High,Good,Digital Marketing Strategies,65526.25,company car,Employee referral,85000,-22.91029411764706,No,,,,,Meet Expectation
134,135,Jordan Blakeborough,jblakeborough3q@ovh.net,Male,Accounting,Associate's Degree,2019-12-03,True,3,High,Unsatisfactory,Customer Service Excellence,72587.69,flexible work hours,Job board,70000,3.696700000000003,No,,,,,Low
135,136,Ralf Milberry,rmilberry3r@ft.com,Male,Support,High School Diploma,1991-11-24,True,5,Low,Superior,Introduction to Data Science,93566.59,performance bonuses,Recruiter,90000,3.962877777777774,Yes,,,,,High
136,137,Horace Ripping,hripping3s@typepad.com,Male,Sales,PhD,2000-02-09,True,5,Low,Excellent,Digital Marketing Strategies,87646.58,paid time off,Employee referral,95000,-7.740442105263156,No,,,,,High
137,138,Kendall Sturzaker,ksturzaker3t@hubpages.com,Male,Product Management,Associate's Degree,2007-06-18,True,4,Moderate,Excellent,Advanced Excel Techniques,115812.69,free snacks,Employee referral,70000,65.4467,No,,,,,High
138,139,Trumann Abdey,tabdey3u@illinois.edu,Male,Training,High School Diploma,2020-07-10,True,5,Moderate,Superior,Introduction to Data Science,48366.72,401k matching,Employee referral,80000,-39.5416,Yes,,,,,High
139,140,Kirsteni Rechert,krechert3v@europa.eu,Female,Product Management,PhD,2019-03-09,True,3,Low,Satisfactory,Advanced Excel Techniques,60041.08,health insurance,Job board,90000,-33.28768888888889,No,,,,,Meet Expectation
140,141,Marmaduke Storek,mstorek3w@abc.net.au,Male,Training,PhD,1998-03-13,True,5,High,Good,Advanced Excel Techniques,146913.1,paid time off,Job board,65000,126.0201538461539,Yes,,,,,Meet Expectation
141,142,Gillan Breed,gbreed3x@tinypic.com,Female,Research and Development,Master's Degree,2006-02-28,True,1,Low,Below Expectations,Cybersecurity Basics,89892.47,gym membership,Recruiter,85000,5.755847058823531,No,,,,,Low
142,143,Dyana O'Mannion,domannion3y@friendfeed.com,Female,Accounting,Master's Degree,2017-05-07,True,1,Moderate,Average,Digital Marketing Strategies,96725.81,gym membership,Company website,55000,75.86510909090909,No,,,,,Meet Expectation
143,144,Penn Lotherington,plotherington3z@java.com,Male,Marketing,Bachelor's Degree,2007-04-01,True,1,High,Unsatisfactory,Negotiation Skills Workshop,105789.36,401k matching,Company website,75000,41.05248,No,,,,,Low
144,145,Iago Drable,idrable40@marriott.com,Male,Engineering,Associate's Degree,2009-12-22,False,5,Moderate,Average,Negotiation Skills Workshop,108860.01,professional development opportunities,Job board,70000,55.51429999999999,Yes,Health reasons,2015-06-13,Personal - Life Events,Voluntary,Meet Expectation
145,146,Prinz Claussen,pclaussen41@icio.us,Male,Sales,Associate's Degree,1990-02-19,False,5,Low,Below Expectations,Digital Marketing Strategies,85624.67,company car,Company website,55000,55.68121818181818,Yes,Lack of growth opportunities,2013-05-20,Career & Compensation,Voluntary,Low
146,147,Davine Munson,dmunson42@etsy.com,Female,Legal,High School Diploma,2014-06-21,True,4,Moderate,Unsatisfactory,Cybersecurity Basics,67363.81,professional development opportunities,Job board,60000,12.27301666666666,Yes,,,,,Low
147,148,Cecilla Sego,csego43@squidoo.com,Female,Product Management,Master's Degree,1986-06-25,False,3,High,Below Expectations,Negotiation Skills Workshop,61040.75,401k matching,Job board,70000,-12.79892857142857,No,Lack of growth opportunities,2009-03-08,Career & Compensation,Voluntary,Low
148,149,Dulcie Rossi,drossi44@geocities.com,Female,Marketing,High School Diploma,1984-11-06,False,5,Moderate,Below Expectations,Project Management Fundamentals,93933.77,free snacks,Recruiter,65000,44.51349230769232,Yes,Relocation,2009-12-05,Personal - Life Events,Voluntary,Low
149,150,Lyell Innocent,linnocent45@wiley.com,Male,Human Resources,Professional Degree,2014-02-08,False,2,Low,Satisfactory,Advanced Excel Techniques,49726.5,performance bonuses,Job board,65000,-23.49769230769231,No,Contract ended,2018-02-01,Contract Expiration,Involuntary,Meet Expectation
150,151,Vonny Lismore,vlismore46@zimbio.com,Female,Training,PhD,1999-06-09,True,3,Low,Unsatisfactory,Cybersecurity Basics,113153.08,gym membership,Company website,85000,33.1212705882353,No,,,,,Low
151,152,Erinn Lambkin,elambkin47@webnode.com,Female,Product Management,Bachelor's Degree,2000-12-22,True,5,High,Unsatisfactory,Leadership Development Program,126062.86,health insurance,Company website,50000,152.12572,Yes,,,,,Low
152,153,Brocky Malling,bmalling48@cisco.com,Male,Accounting,Bachelor's Degree,1991-02-13,True,5,Low,Superior,Effective Communication Skills,51725.62,free snacks,Job board,90000,-42.52708888888888,No,,,,,High
153,154,Craggy MacInherney,cmacinherney49@geocities.com,Male,Business Development,High School Diploma,1981-10-20,False,5,Moderate,Unsatisfactory,Introduction to Data Science,77458.32,401k matching,Job board,85000,-8.872564705882345,No,Found a better opportunity,2011-10-14,Career & Compensation,Voluntary,Low
154,155,Adrianne Blant,ablant4a@comcast.net,Female,Accounting,Master's Degree,2002-01-23,False,3,Low,Good,Project Management Fundamentals,43944.31,paid time off,Company website,80000,-45.0696125,No,Relocation,2020-05-31,Personal - Life Events,Voluntary,Meet Expectation
155,156,Mel Mattes,mmattes4b@networkadvertising.org,Female,Accounting,PhD,1979-07-27,False,5,High,Satisfactory,Customer Service Excellence,139847.11,company car,Company website,75000,86.46281333333332,No,Found a better opportunity,2001-05-28,Career & Compensation,Voluntary,Meet Expectation
156,157,Sophronia Lofts,slofts4c@baidu.com,Female,Accounting,Associate's Degree,1998-01-13,False,4,Low,Needs Improvement,Advanced Excel Techniques,53639.42,paid time off,Social media,65000,-17.47781538461539,No,Found a better opportunity,2022-06-11,Career & Compensation,Voluntary,Low
157,158,Rosie Yakushkin,ryakushkin4d@whitehouse.gov,Female,Services,Professional Degree,1993-01-01,True,3,Moderate,Good,Leadership Development Program,146799.39,paid time off,Recruiter,75000,95.73252000000002,Yes,,,,,Meet Expectation
158,159,Brandon Frankcombe,bfrankcombe4e@huffingtonpost.com,Male,Legal,Professional Degree,1996-12-16,True,2,Moderate,Needs Improvement,Introduction to Data Science,52908.99,401k matching,Job board,90000,-41.21223333333334,Yes,,,,,Low
159,160,Katharine Aloigi,kaloigi4f@studiopress.com,Female,Legal,High School Diploma,2015-08-04,True,1,High,Unsatisfactory,Cybersecurity Basics,143570.06,free snacks,Recruiter,70000,105.1000857142857,Yes,,,,,Low
160,161,Meghann Michiel,mmichiel4g@about.me,Female,Human Resources,PhD,2019-03-21,True,4,High,Exceptional,Advanced Excel Techniques,84744.26,professional development opportunities,Employee referral,50000,69.48852,No,,,,,High
161,162,Garvey Maytum,gmaytum4h@lycos.com,Male,Research and Development,Bachelor's Degree,1999-09-11,True,2,Low,Satisfactory,Introduction to Data Science,82947.53,paid time off,Company website,60000,38.24588333333333,No,,,,,Meet Expectation
162,163,Inger Easeman,ieaseman4i@ovh.net,Male,Human Resources,High School Diploma,1990-12-01,False,3,Low,Exceptional,Project Management Fundamentals,101529.6,company car,Employee referral,80000,26.91200000000001,Yes,Personal reasons,2011-05-05,Personal - Life Events,Voluntary,High
163,164,Stace Kanzler,skanzler4j@auda.org.au,Female,Research and Development,Associate's Degree,2011-01-16,True,3,Low,Outstanding,Digital Marketing Strategies,145802.0,performance bonuses,Company website,65000,124.3107692307692,No,,,,,High
164,165,Lion Mallabar,lmallabar4k@un.org,Male,Marketing,Master's Degree,2013-10-18,False,1,Moderate,Satisfactory,Introduction to Data Science,136354.85,professional development opportunities,Job board,60000,127.2580833333333,No,Health reasons,2022-09-04,Personal - Life Events,Voluntary,Meet Expectation
165,166,Cathrin Kelso,ckelso4l@chicagotribune.com,Female,Research and Development,High School Diploma,1988-10-14,False,2,Moderate,Satisfactory,Negotiation Skills Workshop,58812.48,performance bonuses,Company website,60000,-1.979199999999995,No,Personal reasons,2011-12-19,Personal - Life Events,Voluntary,Meet Expectation
166,167,Gustav McNea,gmcnea4m@salon.com,Male,Support,Professional Degree,2010-10-02,True,4,Moderate,Superior,Leadership Development Program,83062.56,professional development opportunities,Recruiter,65000,27.78855384615384,No,,,,,High
167,168,Jenna Prestedge,jprestedge4n@reuters.com,Female,Product Management,PhD,1995-03-15,True,2,Moderate,Superior,Public Speaking Mastery,130835.19,remote work option,Job board,90000,45.37243333333333,Yes,,,,,High
168,169,Ervin Kippin,ekippin4o@smh.com.au,Male,Research and Development,Master's Degree,1998-07-12,False,2,Low,Satisfactory,Cybersecurity Basics,68060.15,health insurance,Social media,55000,23.74572727272726,Yes,Family commitments,2020-09-25,Personal - Life Events,Voluntary,Meet Expectation
169,170,Laurent Mingasson,lmingasson4p@zimbio.com,Male,Human Resources,High School Diploma,2020-11-27,True,4,High,Unsatisfactory,Negotiation Skills Workshop,109248.52,performance bonuses,Job board,90000,21.38724444444445,Yes,,,,,Low
170,171,Adriano Nijs,anijs4q@flavors.me,Male,Sales,PhD,2023-12-31,True,1,Moderate,Exceptional,Cybersecurity Basics,139753.87,401k matching,Job board,80000,74.6923375,No,,,,,High
171,172,Kellen Andreutti,kandreutti4r@eventbrite.com,Female,Training,Associate's Degree,2010-01-28,True,4,High,Superior,Digital Marketing Strategies,49651.59,company car,Company website,50000,-0.696820000000007,Yes,,,,,High
172,173,Darby Colgan,dcolgan4s@nationalgeographic.com,Male,Marketing,PhD,1991-09-11,False,3,Moderate,Average,Public Speaking Mastery,128686.84,professional development opportunities,Company website,80000,60.85855,No,Health reasons,2015-05-16,Personal - Life Events,Voluntary,Meet Expectation
173,174,Maurizia Brundall,mbrundall4t@umich.edu,Female,Product Management,PhD,1994-07-09,True,2,Low,Exceptional,Customer Service Excellence,140724.65,paid time off,Social media,95000,48.13121052631578,Yes,,,,,High
174,175,Ethe Kinghorne,ekinghorne4u@yandex.ru,Male,Research and Development,Professional Degree,2011-07-07,True,5,Low,Average,Effective Communication Skills,133451.72,free snacks,Social media,60000,122.4195333333333,No,,,,,Meet Expectation
175,176,Virginie Atcock,vatcock4v@posterous.com,Female,Engineering,PhD,1995-01-23,True,3,High,Outstanding,Effective Communication Skills,45147.87,professional development opportunities,Employee referral,85000,-46.88485882352941,Yes,,,,,High
176,177,Idette Vedntyev,ivedntyev4w@comcast.net,Female,Business Development,Master's Degree,2002-05-15,False,2,High,Superior,Public Speaking Mastery,125132.08,gym membership,Recruiter,75000,66.84277333333334,Yes,Contract ended,2016-09-12,Contract Expiration,Involuntary,High
177,178,Alvis Corradino,acorradino4x@bizjournals.com,Male,Legal,High School Diploma,1983-02-26,False,5,Moderate,Unsatisfactory,Public Speaking Mastery,77122.32,company car,Employee referral,80000,-3.597099999999991,Yes,Contract ended,2013-09-27,Contract Expiration,Involuntary,Low
178,179,Carita Georg,cgeorg4y@google.es,Female,Human Resources,Master's Degree,1998-12-30,True,3,Low,Superior,Project Management Fundamentals,129591.69,remote work option,Social media,85000,52.46081176470588,No,,,,,High
179,180,Manya Van Arsdalen,mvan4z@ca.gov,Female,Product Management,Master's Degree,1983-02-07,False,5,High,Good,Customer Service Excellence,92345.89,free snacks,Job board,60000,53.90981666666666,No,Family commitments,2012-11-04,Personal - Life Events,Voluntary,Meet Expectation
180,181,Batsheva Pieper,bpieper50@instagram.com,Female,Business Development,Professional Degree,2008-11-11,True,5,Low,Good,Project Management Fundamentals,57532.99,company car,Job board,60000,-4.111683333333336,Yes,,,,,Meet Expectation
181,182,Emelen Vockins,evockins51@wunderground.com,Male,Legal,PhD,1994-03-21,False,4,Moderate,Superior,Effective Communication Skills,117968.54,free snacks,Employee referral,90000,31.07615555555554,No,Family commitments,2016-08-31,Personal - Life Events,Voluntary,High
182,183,Delora Brouncker,dbrouncker52@example.com,Female,Product Management,High School Diploma,2007-01-30,True,1,Moderate,Unsatisfactory,Effective Communication Skills,141345.78,gym membership,Job board,55000,156.9923272727273,No,,,,,Low
183,184,Nehemiah Gorbell,ngorbell53@bloomberg.com,Male,Engineering,Associate's Degree,2007-01-15,True,3,High,Superior,Leadership Development Program,149995.64,health insurance,Company website,50000,199.99128,No,,,,,High
184,185,Raffaello Jowett,rjowett54@creativecommons.org,Male,Marketing,Professional Degree,2007-01-30,False,4,Moderate,Superior,Digital Marketing Strategies,45545.77,gym membership,Recruiter,95000,-52.05708421052632,Yes,Found a better opportunity,2013-03-31,Career & Compensation,Voluntary,High
185,186,Conan Tunsley,ctunsley55@mit.edu,Male,Research and Development,Associate's Degree,2000-12-13,False,2,Moderate,Superior,Customer Service Excellence,49209.42,performance bonuses,Recruiter,55000,-10.52832727272727,No,Lack of growth opportunities,2007-05-26,Career & Compensation,Voluntary,High
186,187,Giulietta Lengthorn,glengthorn56@disqus.com,Female,Training,Master's Degree,2002-09-30,False,2,Low,Satisfactory,Public Speaking Mastery,50678.31,company car,Employee referral,95000,-46.65441052631579,No,Career change,2013-01-19,Career & Compensation,Voluntary,Meet Expectation
187,188,Mavra Carey,mcarey57@wsj.com,Female,Legal,Master's Degree,2018-12-16,True,3,Low,Average,Advanced Excel Techniques,48597.8,flexible work hours,Employee referral,85000,-42.82611764705882,Yes,,,,,Meet Expectation
188,189,Rosamund Philp,rphilp58@bigcartel.com,Female,Services,Professional Degree,2003-04-18,False,5,Low,Outstanding,Effective Communication Skills,89414.28,gym membership,Social media,60000,49.0238,Yes,Relocation,2014-08-23,Personal - Life Events,Voluntary,High
189,190,Vince Golton,vgolton59@sciencedaily.com,Male,Marketing,Associate's Degree,2012-12-19,True,5,Moderate,Unsatisfactory,Digital Marketing Strategies,51885.79,401k matching,Job board,60000,-13.52368333333333,Yes,,,,,Low
190,191,Tiebout Bunyan,tbunyan5a@hubpages.com,Male,Training,Associate's Degree,1999-10-12,True,1,Low,Good,Customer Service Excellence,80812.72,remote work option,Employee referral,70000,15.44674285714286,No,,,,,Meet Expectation
191,192,Kerwin Bricknell,kbricknell5b@answers.com,Male,Sales,PhD,2001-12-16,True,1,High,Exceptional,Project Management Fundamentals,55555.05,gym membership,Recruiter,75000,-25.92659999999999,Yes,,,,,High
192,193,Karyn Seeman,kseeman5c@xrea.com,Female,Human Resources,Bachelor's Degree,1983-06-02,False,4,High,Satisfactory,Cybersecurity Basics,149339.89,free snacks,Job board,90000,65.93321111111112,Yes,Career change,2006-05-12,Career & Compensation,Voluntary,Meet Expectation
193,194,Suzanna Illem,sillem5d@1und1.de,Female,Human Resources,Bachelor's Degree,2008-01-27,True,2,Low,Excellent,Project Management Fundamentals,52332.33,remote work option,Recruiter,50000,4.664660000000004,Yes,,,,,High
194,195,Chicky Darkins,cdarkins5e@shutterfly.com,Male,Accounting,Master's Degree,2020-07-03,True,3,Moderate,Below Expectations,Leadership Development Program,115263.24,401k matching,Job board,70000,64.66177142857144,Yes,,,,,Low
195,196,Jillene Gordon,jgordon5f@squarespace.com,Female,Engineering,High School Diploma,2015-05-27,True,3,High,Excellent,Introduction to Data Science,95488.44,professional development opportunities,Job board,50000,90.97688,No,,,,,High
196,197,Alisun Vaughton,avaughton5g@accuweather.com,Female,Legal,Professional Degree,1997-01-08,False,2,Moderate,Average,Negotiation Skills Workshop,115910.94,flexible work hours,Employee referral,55000,110.7471636363636,Yes,Company downsizing,2021-11-01,Organizational Restructuring,Involuntary,Meet Expectation
197,198,Gage Brittlebank,gbrittlebank5h@homestead.com,Male,Human Resources,High School Diploma,1981-07-29,False,2,Low,Exceptional,Cybersecurity Basics,56742.6,professional development opportunities,Job board,75000,-24.3432,No,Company downsizing,2008-03-24,Organizational Restructuring,Involuntary,High
198,199,Brice Ducker,bducker5i@cnbc.com,Male,Engineering,Professional Degree,1988-02-25,False,4,Low,Needs Improvement,Negotiation Skills Workshop,108438.91,gym membership,Job board,55000,97.16165454545455,Yes,Family commitments,2012-08-10,Personal - Life Events,Voluntary,Low
199,200,Trefor Wodham,twodham5j@yellowbook.com,Male,Legal,High School Diploma,2012-07-21,True,3,Moderate,Satisfactory,Cybersecurity Basics,146663.77,flexible work hours,Recruiter,65000,125.6365692307692,Yes,,,,,Meet Expectation
200,201,Rollo Cattellion,rcattellion5k@washington.edu,Male,Support,Bachelor's Degree,1992-05-08,False,3,High,Excellent,Customer Service Excellence,97199.52,company car,Employee referral,85000,14.35237647058824,Yes,Company downsizing,2019-08-12,Organizational Restructuring,Involuntary,High
201,202,Killie Tackley,ktackley5l@wikipedia.org,Male,Human Resources,Associate's Degree,1994-11-30,False,4,Moderate,Good,Customer Service Excellence,72675.18,paid time off,Employee referral,90000,-19.24980000000001,Yes,Retirement,2013-11-05,Natural Attrition,Voluntary,Meet Expectation
202,203,Gardiner Rude,grude5m@mtv.com,Male,Training,Bachelor's Degree,2001-11-23,True,1,High,Good,Advanced Excel Techniques,42183.33,paid time off,Recruiter,80000,-47.2708375,No,,,,,Meet Expectation
203,204,Gideon Jervoise,gjervoise5n@trellian.com,Male,Accounting,Professional Degree,2000-12-24,False,3,Low,Outstanding,Digital Marketing Strategies,72809.17,401k matching,Job board,70000,4.013099999999997,Yes,Career change,2016-09-27,Career & Compensation,Voluntary,High
204,205,Kris Shevlan,kshevlan5o@tripadvisor.com,Female,Training,Master's Degree,1999-09-15,True,1,Low,Superior,Negotiation Skills Workshop,80736.38,free snacks,Social media,55000,46.79341818181819,No,,,,,High
205,206,Washington Showte,wshowte5p@google.com.au,Male,Sales,Bachelor's Degree,2012-06-17,True,1,Moderate,Satisfactory,Customer Service Excellence,72844.07,gym membership,Recruiter,55000,32.44376363636365,No,,,,,Meet Expectation
206,207,Tudor Skivington,tskivington5q@blinklist.com,Male,Engineering,PhD,1978-08-24,False,3,Moderate,Needs Improvement,Public Speaking Mastery,121651.28,performance bonuses,Company website,70000,73.78754285714285,No,Relocation,2009-05-22,Personal - Life Events,Voluntary,Low
207,208,Penny Guillotin,pguillotin5r@artisteer.com,Male,Support,High School Diploma,2018-01-16,True,1,Low,Exceptional,Customer Service Excellence,122104.53,performance bonuses,Employee referral,85000,43.65238823529411,No,,,,,High
208,209,Annmarie Hairyes,ahairyes5s@live.com,Female,Human Resources,PhD,1994-02-22,False,4,Low,Outstanding,Public Speaking Mastery,117857.79,professional development opportunities,Employee referral,50000,135.71558,Yes,Health reasons,2020-09-28,Personal - Life Events,Voluntary,High
209,210,Ilene Petr,ipetr5t@amazonaws.com,Female,Legal,Bachelor's Degree,2013-11-19,True,2,High,Satisfactory,Leadership Development Program,77159.57,health insurance,Company website,95000,-18.77939999999999,No,,,,,Meet Expectation
210,211,Jodi Dowsey,jdowsey5u@alexa.com,Male,Human Resources,Associate's Degree,2006-06-29,True,1,Moderate,Exceptional,Customer Service Excellence,122026.44,401k matching,Recruiter,85000,43.56051764705883,Yes,,,,,High
211,212,Prudy Farans,pfarans5v@gnu.org,Female,Legal,Master's Degree,2018-12-08,True,2,Moderate,Needs Improvement,Negotiation Skills Workshop,142080.1,performance bonuses,Company website,50000,184.1602,No,,,,,Low
212,213,Ivett Shoute,ishoute5w@twitter.com,Female,Training,Bachelor's Degree,2005-02-18,True,2,High,Needs Improvement,Leadership Development Program,105058.03,flexible work hours,Recruiter,50000,110.11606,Yes,,,,,Low
213,214,Aida Peddie,apeddie5x@seattletimes.com,Female,Legal,Bachelor's Degree,2000-12-01,True,2,Low,Superior,Customer Service Excellence,115198.77,company car,Company website,70000,64.56967142857143,Yes,,,,,High
214,215,Melvyn Helin,mhelin5y@angelfire.com,Male,Marketing,High School Diploma,1988-12-11,False,5,Low,Excellent,Introduction to Data Science,90101.04,flexible work hours,Job board,60000,50.16839999999999,Yes,Retirement,2012-11-27,Natural Attrition,Voluntary,High
215,216,Artemus Dillistone,adillistone5z@mayoclinic.com,Male,Research and Development,Bachelor's Degree,2020-02-06,True,1,High,Excellent,Advanced Excel Techniques,99491.74,gym membership,Company website,70000,42.13105714285714,Yes,,,,,High
216,217,Rowney Peers,rpeers60@vistaprint.com,Male,Training,PhD,1998-01-07,False,3,Moderate,Unsatisfactory,Cybersecurity Basics,139296.57,company car,Employee referral,55000,153.2664909090909,No,Personal reasons,2009-09-28,Personal - Life Events,Voluntary,Low
217,218,Ariel Kennaway,akennaway61@oaic.gov.au,Male,Engineering,PhD,1986-11-22,False,2,Moderate,Outstanding,Customer Service Excellence,99977.35,performance bonuses,Recruiter,60000,66.62891666666667,No,Contract ended,2004-01-09,Contract Expiration,Involuntary,High
218,219,Garald Oliveira,goliveira62@themeforest.net,Male,Legal,PhD,2004-04-22,True,3,Moderate,Outstanding,Introduction to Data Science,127216.36,free snacks,Recruiter,95000,33.91195789473684,No,,,,,High
219,220,Thea Brain,tbrain63@ibm.com,Female,Business Development,High School Diploma,2006-05-18,True,3,Moderate,Unsatisfactory,Customer Service Excellence,101090.01,remote work option,Recruiter,75000,34.78667999999999,Yes,,,,,Low
220,221,Chrissy Cherrie,ccherrie64@pagesperso-orange.fr,Female,Sales,Master's Degree,2011-12-11,True,5,High,Exceptional,Leadership Development Program,126123.41,company car,Job board,60000,110.2056833333333,No,,,,,High
221,222,Saul Boules,sboules65@loc.gov,Male,Support,High School Diploma,2000-12-31,True,2,Low,Unsatisfactory,Digital Marketing Strategies,144408.32,gym membership,Social media,60000,140.6805333333334,Yes,,,,,Low
222,223,Nate Ferrieri,nferrieri66@naver.com,Male,Business Development,Bachelor's Degree,2023-12-23,True,5,Moderate,Superior,Effective Communication Skills,75106.51,gym membership,Recruiter,90000,-16.54832222222223,No,,,,,High
223,224,Hobey Murrigan,hmurrigan67@myspace.com,Male,Engineering,Associate's Degree,2004-06-01,True,3,High,Outstanding,Leadership Development Program,47275.22,free snacks,Company website,65000,-27.2688923076923,Yes,,,,,High
224,225,Arlee House,ahouse68@sun.com,Female,Human Resources,Bachelor's Degree,2008-05-06,True,1,Low,Superior,Negotiation Skills Workshop,49158.05,remote work option,Employee referral,80000,-38.5524375,Yes,,,,,High
225,226,Natividad Rudham,nrudham69@time.com,Female,Product Management,High School Diploma,2016-08-02,False,2,Moderate,Needs Improvement,Introduction to Data Science,41745.23,free snacks,Job board,80000,-47.8184625,No,Found a better opportunity,2022-06-16,Career & Compensation,Voluntary,Low
226,227,Sheffy Devonald,sdevonald6a@netvibes.com,Male,Services,Professional Degree,1998-12-14,True,3,High,Average,Effective Communication Skills,48019.6,gym membership,Company website,55000,-12.69163636363637,Yes,,,,,Meet Expectation
227,228,Ardis Wagstaffe,awagstaffe6b@ebay.co.uk,Female,Accounting,Professional Degree,2011-11-18,True,1,Low,Needs Improvement,Leadership Development Program,79593.01,free snacks,Job board,60000,32.65501666666666,Yes,,,,,Low
228,229,Fernande Gavrieli,fgavrieli6c@wisc.edu,Female,Training,PhD,2008-01-26,True,2,Moderate,Exceptional,Cybersecurity Basics,75190.04,flexible work hours,Company website,70000,7.414342857142849,Yes,,,,,High
229,230,Hector Orthmann,horthmann6d@techcrunch.com,Male,Business Development,Master's Degree,2002-01-11,True,1,Moderate,Excellent,Effective Communication Skills,107020.55,gym membership,Company website,75000,42.69406666666667,No,,,,,High
230,231,Florence Larmor,flarmor6e@flavors.me,Female,Human Resources,Bachelor's Degree,1998-08-17,True,3,Moderate,Satisfactory,Effective Communication Skills,102474.52,company car,Employee referral,75000,36.63269333333334,No,,,,,Meet Expectation
231,232,Aldwin Jillis,ajillis6f@shop-pro.jp,Male,Research and Development,Bachelor's Degree,2007-12-30,False,2,Moderate,Satisfactory,Project Management Fundamentals,133304.94,free snacks,Social media,50000,166.60988,No,Company downsizing,2018-08-19,Organizational Restructuring,Involuntary,Meet Expectation
232,233,Tori Spratley,tspratley6g@delicious.com,Female,Business Development,PhD,2021-10-07,True,3,High,Below Expectations,Public Speaking Mastery,48114.51,paid time off,Social media,90000,-46.53943333333333,Yes,,,,,Low
233,234,Noll Callery,ncallery6h@clickbank.net,Male,Training,PhD,2007-09-27,True,2,Moderate,Exceptional,Digital Marketing Strategies,87522.49,health insurance,Job board,50000,75.04498000000001,No,,,,,High
234,235,Brander Mouse,bmouse6i@mashable.com,Male,Marketing,Professional Degree,2012-02-02,True,1,High,Average,Project Management Fundamentals,79960.5,health insurance,Employee referral,50000,59.921,Yes,,,,,Meet Expectation
235,236,Doretta Flaxman,dflaxman6j@bluehost.com,Female,Marketing,High School Diploma,2019-08-07,True,1,Moderate,Superior,Effective Communication Skills,128424.63,company car,Recruiter,70000,83.46375714285715,No,,,,,High
236,237,Neill Kainz,nkainz6k@com.com,Male,Marketing,Bachelor's Degree,2016-08-10,True,5,Moderate,Superior,Leadership Development Program,52357.19,health insurance,Company website,85000,-38.40330588235294,Yes,,,,,High
237,238,Elysee Whitnell,ewhitnell6l@nytimes.com,Female,Training,PhD,2019-10-15,False,5,Low,Good,Advanced Excel Techniques,48252.42,performance bonuses,Social media,70000,-31.06797142857143,No,Personal reasons,2022-08-07,Personal - Life Events,Voluntary,Meet Expectation
238,239,Natale Houlison,nhoulison6m@a8.net,Male,Engineering,PhD,1998-04-12,True,5,High,Good,Public Speaking Mastery,74957.8,company car,Company website,80000,-6.302749999999996,Yes,,,,,Meet Expectation
239,240,Jonie Kentwell,jkentwell6n@live.com,Female,Support,Associate's Degree,2011-09-26,True,2,Low,Excellent,Project Management Fundamentals,126646.66,company car,Recruiter,95000,33.31227368421053,No,,,,,High
240,241,Tome Aust,taust6o@nbcnews.com,Male,Sales,Professional Degree,2006-09-01,False,5,Moderate,Superior,Project Management Fundamentals,110231.44,remote work option,Company website,65000,69.58683076923077,No,Personal reasons,2019-07-11,Personal - Life Events,Voluntary,High
241,242,Anjanette Dozdill,adozdill6p@istockphoto.com,Female,Legal,PhD,2013-10-11,False,3,Low,Superior,Digital Marketing Strategies,134710.81,flexible work hours,Job board,55000,144.9287454545455,Yes,Family commitments,2023-12-31,Personal - Life Events,Voluntary,High
242,243,Adey Mendenhall,amendenhall6q@gizmodo.com,Female,Engineering,High School Diploma,2008-06-07,True,1,Low,Satisfactory,Digital Marketing Strategies,60570.65,paid time off,Company website,55000,10.12845454545455,Yes,,,,,Meet Expectation
243,244,Thornton Powis,tpowis6r@tripod.com,Male,Training,Associate's Degree,2016-09-21,True,1,Moderate,Needs Improvement,Negotiation Skills Workshop,74862.4,gym membership,Company website,50000,49.72479999999999,Yes,,,,,Low
244,245,Maurise Filippello,mfilippello6s@liveinternet.ru,Female,Human Resources,Master's Degree,1979-07-06,False,4,High,Good,Cybersecurity Basics,47466.79,remote work option,Company website,85000,-44.15671764705883,Yes,Family commitments,2005-05-03,Personal - Life Events,Voluntary,Meet Expectation
245,246,Robb McMorland,rmcmorland6t@epa.gov,Male,Training,Professional Degree,2003-07-27,True,4,High,Below Expectations,Cybersecurity Basics,119599.38,paid time off,Recruiter,75000,59.46584,No,,,,,Low
246,247,Sayres Vaune,svaune6u@hatena.ne.jp,Male,Marketing,Bachelor's Degree,2001-07-10,True,2,Low,Excellent,Digital Marketing Strategies,117413.48,flexible work hours,Company website,95000,23.59313684210526,No,,,,,High
247,248,Annabal McCullen,amccullen6v@1688.com,Female,Training,Professional Degree,2012-02-07,True,3,Moderate,Outstanding,Digital Marketing Strategies,105534.91,professional development opportunities,Social media,65000,62.3614,Yes,,,,,High
248,249,Korey Riveles,kriveles6w@sogou.com,Male,Engineering,Master's Degree,2020-05-02,True,1,High,Satisfactory,Cybersecurity Basics,143723.83,paid time off,Company website,90000,59.69314444444444,Yes,,,,,Meet Expectation
249,250,Oralee Ventura,oventura6x@utexas.edu,Female,Support,Associate's Degree,2017-08-16,True,5,Low,Unsatisfactory,Customer Service Excellence,100859.74,gym membership,Company website,85000,18.65851764705883,Yes,,,,,Low
250,251,Debbie Penright,dpenright6y@shareasale.com,Female,Research and Development,High School Diploma,1995-03-24,False,1,Moderate,Good,Digital Marketing Strategies,104735.04,paid time off,Employee referral,60000,74.55839999999999,No,Found a better opportunity,2020-04-18,Career & Compensation,Voluntary,Meet Expectation
251,252,Matthiew Louys,mlouys6z@free.fr,Male,Research and Development,Bachelor's Degree,2012-01-23,True,1,Low,Good,Effective Communication Skills,133143.72,paid time off,Recruiter,70000,90.2053142857143,No,,,,,Meet Expectation
252,253,Christie Scotti,cscotti70@ftc.gov,Female,Accounting,Master's Degree,2012-07-27,True,3,Low,Good,Project Management Fundamentals,120782.58,remote work option,Recruiter,75000,61.04344,No,,,,,Meet Expectation
253,254,Lorens Vial,lvial71@reference.com,Male,Sales,Professional Degree,1996-04-07,True,4,High,Outstanding,Advanced Excel Techniques,49693.96,professional development opportunities,Social media,70000,-29.00862857142857,No,,,,,High
254,255,Salvidor Gollard,sgollard72@washingtonpost.com,Male,Engineering,High School Diploma,1977-07-03,False,5,High,Outstanding,Public Speaking Mastery,112076.89,company car,Job board,90000,24.52987777777778,No,Found a better opportunity,2007-08-23,Career & Compensation,Voluntary,High
255,256,Rhianon Landells,rlandells73@answers.com,Female,Accounting,PhD,1983-09-04,False,2,High,Needs Improvement,Project Management Fundamentals,136027.83,health insurance,Employee referral,85000,60.03274117647057,No,Personal reasons,2011-06-30,Personal - Life Events,Voluntary,Low
256,257,Maris Kigelman,mkigelman74@merriam-webster.com,Female,Services,Associate's Degree,1992-03-09,True,3,Low,Below Expectations,Leadership Development Program,63440.46,company car,Job board,70000,-9.37077142857143,No,,,,,Low
257,258,Kacie Eaves,keaves75@t.co,Female,Product Management,Professional Degree,2004-09-19,False,3,High,Superior,Advanced Excel Techniques,130043.11,performance bonuses,Recruiter,75000,73.39081333333334,No,Company downsizing,2012-03-29,Organizational Restructuring,Involuntary,High
258,259,Seymour Rouge,srouge76@jimdo.com,Male,Accounting,Bachelor's Degree,1991-11-24,True,3,Moderate,Below Expectations,Leadership Development Program,74215.83,paid time off,Company website,70000,6.022614285714288,No,,,,,Low
259,260,Missy Cote,mcote77@163.com,Female,Services,High School Diploma,2012-04-24,True,4,Moderate,Exceptional,Leadership Development Program,47756.25,company car,Social media,85000,-43.81617647058824,No,,,,,High
260,261,Simon Jepps,sjepps78@etsy.com,Male,Services,PhD,2020-09-16,True,5,Moderate,Good,Negotiation Skills Workshop,47472.22,gym membership,Company website,60000,-20.87963333333333,Yes,,,,,Meet Expectation
261,262,Tan Meekin,tmeekin79@rakuten.co.jp,Male,Research and Development,Master's Degree,2017-03-19,True,4,Low,Unsatisfactory,Advanced Excel Techniques,116741.71,flexible work hours,Job board,75000,55.65561333333334,No,,,,,Low
262,263,Alphard Hussy,ahussy7a@geocities.jp,Male,Human Resources,High School Diploma,2016-08-31,True,2,Moderate,Excellent,Customer Service Excellence,134560.99,company car,Social media,50000,169.12198,Yes,,,,,High
263,264,Helene Alker,halker7b@ebay.com,Female,Services,Associate's Degree,1994-11-13,True,5,Moderate,Good,Public Speaking Mastery,70399.31,paid time off,Recruiter,55000,27.99874545454545,Yes,,,,,Meet Expectation
264,265,Mirelle Bamlett,mbamlett7c@va.gov,Female,Research and Development,PhD,1986-10-16,False,2,Low,Below Expectations,Project Management Fundamentals,59681.49,performance bonuses,Company website,60000,-0.5308500000000034,No,Lack of growth opportunities,2010-10-26,Career & Compensation,Voluntary,Low
265,266,Farlay Dimmer,fdimmer7d@upenn.edu,Male,Services,Bachelor's Degree,2004-02-24,True,5,High,Superior,Cybersecurity Basics,68283.8,health insurance,Company website,95000,-28.12231578947368,Yes,,,,,High
266,267,Melanie Cudiff,mcudiff7e@drupal.org,Female,Human Resources,Professional Degree,2002-06-20,True,2,Moderate,Unsatisfactory,Leadership Development Program,132082.53,paid time off,Job board,50000,164.16506,Yes,,,,,Low
267,268,Rosanne Lawranson,rlawranson7f@pcworld.com,Female,Sales,Professional Degree,1991-11-28,True,4,Low,Unsatisfactory,Advanced Excel Techniques,53808.54,gym membership,Company website,65000,-17.21763076923077,Yes,,,,,Low
268,269,Dewey Tuffley,dtuffley7g@phoca.cz,Male,Product Management,High School Diploma,2003-06-29,True,2,High,Satisfactory,Leadership Development Program,76972.91,free snacks,Job board,60000,28.28818333333334,Yes,,,,,Meet Expectation
269,270,Tatum Grigsby,tgrigsby7h@nature.com,Female,Support,Associate's Degree,1995-05-31,True,4,High,Needs Improvement,Introduction to Data Science,40931.96,remote work option,Recruiter,60000,-31.78006666666667,No,,,,,Low
270,271,Bonnie Menear,bmenear7i@printfriendly.com,Female,Engineering,Bachelor's Degree,1978-10-05,False,1,High,Below Expectations,Cybersecurity Basics,79284.8,performance bonuses,Company website,60000,32.14133333333334,No,Retirement,2002-12-12,Natural Attrition,Voluntary,Low
271,272,Verney Nellen,vnellen7j@dell.com,Male,Human Resources,PhD,2008-09-06,True,1,High,Exceptional,Public Speaking Mastery,58902.29,paid time off,Recruiter,70000,-15.85387142857143,Yes,,,,,High
272,273,Toma Sautter,tsautter7k@twitpic.com,Female,Marketing,PhD,1999-01-05,True,4,Low,Needs Improvement,Introduction to Data Science,113210.33,health insurance,Company website,95000,19.16876842105263,Yes,,,,,Low
273,274,Haily Rivalant,hrivalant7l@odnoklassniki.ru,Female,Sales,PhD,2006-03-15,True,1,Moderate,Satisfactory,Effective Communication Skills,125046.4,free snacks,Employee referral,70000,78.63771428571428,No,,,,,Meet Expectation
274,275,Welsh Hynam,whynam7m@1und1.de,Male,Human Resources,PhD,2007-01-08,True,3,Low,Needs Improvement,Customer Service Excellence,109769.13,professional development opportunities,Recruiter,80000,37.21141250000001,Yes,,,,,Low
275,276,Eolande Wayon,ewayon7n@posterous.com,Female,Services,Associate's Degree,2009-03-21,True,1,High,Excellent,Negotiation Skills Workshop,82672.72,remote work option,Employee referral,80000,3.340900000000001,No,,,,,High
276,277,Thatch Rosenstiel,trosenstiel7o@nba.com,Male,Engineering,High School Diploma,1991-05-15,False,4,Low,Exceptional,Negotiation Skills Workshop,139332.25,paid time off,Recruiter,75000,85.77633333333333,No,Health reasons,2020-09-27,Personal - Life Events,Voluntary,High
277,278,Bee Roumier,broumier7p@businessweek.com,Female,Engineering,High School Diploma,2021-12-04,True,1,Moderate,Needs Improvement,Cybersecurity Basics,100527.05,flexible work hours,Job board,70000,43.61007142857144,No,,,,,Low
278,279,Merridie Atwel,matwel7q@umich.edu,Female,Human Resources,Master's Degree,2011-04-01,True,1,High,Superior,Cybersecurity Basics,75677.62,performance bonuses,Recruiter,75000,0.903493333333327,Yes,,,,,High
279,280,Dollie Vosper,dvosper7r@si.edu,Female,Support,PhD,1996-07-29,True,1,Moderate,Satisfactory,Project Management Fundamentals,109615.93,company car,Social media,95000,15.3851894736842,Yes,,,,,Meet Expectation
280,281,Amos Jindacek,ajindacek7s@youtube.com,Male,Research and Development,PhD,2016-12-07,True,4,Moderate,Below Expectations,Cybersecurity Basics,122359.28,remote work option,Recruiter,65000,88.24504615384615,No,,,,,Low
281,282,Masha Szimon,mszimon7t@ucoz.ru,Female,Sales,PhD,1990-09-01,False,1,Low,Exceptional,Introduction to Data Science,86863.08,company car,Social media,80000,8.578850000000001,No,Family commitments,2005-07-06,Personal - Life Events,Voluntary,High
282,283,Fonsie Slowan,fslowan7u@about.com,Male,Engineering,PhD,2008-10-14,True,1,Low,Average,Cybersecurity Basics,48228.59,company car,Recruiter,60000,-19.61901666666667,No,,,,,Meet Expectation
283,284,Martainn Adamov,madamov7v@utexas.edu,Male,Legal,Master's Degree,2004-05-11,True,5,Moderate,Superior,Leadership Development Program,54698.81,flexible work hours,Employee referral,85000,-35.64845882352942,No,,,,,High
284,285,Evelyn Piatek,epiatek7w@wikispaces.com,Male,Product Management,Bachelor's Degree,1986-05-24,False,5,Low,Average,Introduction to Data Science,81783.99,performance bonuses,Social media,90000,-9.128899999999994,Yes,Company downsizing,2008-02-11,Organizational Restructuring,Involuntary,Meet Expectation
285,286,Loy Gudger,lgudger7x@google.com,Male,Sales,Bachelor's Degree,2006-07-05,False,2,Moderate,Good,Effective Communication Skills,145467.85,free snacks,Social media,85000,71.13864705882354,Yes,Company downsizing,2022-10-19,Organizational Restructuring,Involuntary,Meet Expectation
286,287,Alano O' Scallan,ao7y@princeton.edu,Male,Business Development,PhD,2013-09-05,False,1,Low,Satisfactory,Cybersecurity Basics,76252.52,flexible work hours,Recruiter,95000,-19.7341894736842,Yes,Found a better opportunity,2023-10-25,Career & Compensation,Voluntary,Meet Expectation
287,288,Reider Such,rsuch7z@soundcloud.com,Male,Legal,Bachelor's Degree,2003-11-23,True,2,High,Outstanding,Digital Marketing Strategies,125426.26,gym membership,Job board,95000,32.02764210526315,Yes,,,,,High
288,289,Bunny Barzen,bbarzen80@weather.com,Female,Research and Development,PhD,2020-09-15,True,5,Moderate,Superior,Digital Marketing Strategies,85009.44,professional development opportunities,Company website,50000,70.01888000000001,No,,,,,High
289,290,Mufi Branigan,mbranigan81@independent.co.uk,Female,Engineering,Bachelor's Degree,1995-10-07,False,1,Moderate,Average,Project Management Fundamentals,127393.43,professional development opportunities,Job board,90000,41.54825555555555,Yes,Relocation,2010-11-24,Personal - Life Events,Voluntary,Meet Expectation
290,291,Redd Aloshikin,raloshikin82@dion.ne.jp,Male,Business Development,Professional Degree,2002-09-08,True,3,High,Superior,Effective Communication Skills,149526.27,health insurance,Job board,90000,66.14029999999998,No,,,,,High
291,292,Nina Rickeard,nrickeard83@phoca.cz,Female,Support,High School Diploma,1990-12-04,False,3,Moderate,Below Expectations,Digital Marketing Strategies,51474.32,flexible work hours,Job board,60000,-14.20946666666667,Yes,Health reasons,2013-05-17,Personal - Life Events,Voluntary,Low
292,293,Melvyn Nevin,mnevin84@xrea.com,Male,Engineering,Master's Degree,2021-11-08,True,5,Low,Excellent,Public Speaking Mastery,47165.46,gym membership,Job board,90000,-47.59393333333333,No,,,,,High
293,294,Egon Trobey,etrobey85@pen.io,Male,Training,PhD,2013-06-10,True,3,Low,Superior,Advanced Excel Techniques,149418.41,remote work option,Employee referral,55000,171.6698363636364,No,,,,,High
294,295,Giselbert Deniscke,gdeniscke86@imgur.com,Male,Accounting,High School Diploma,1997-07-14,True,5,High,Outstanding,Project Management Fundamentals,106435.38,remote work option,Company website,65000,63.74673846153846,No,,,,,High
295,296,Willem Teaz,wteaz87@merriam-webster.com,Male,Legal,High School Diploma,1996-06-17,False,3,Low,Exceptional,Project Management Fundamentals,67036.33,free snacks,Job board,95000,-29.43544210526315,Yes,Career change,2010-09-10,Career & Compensation,Voluntary,High
296,297,Cindra Ellinor,cellinor88@census.gov,Female,Services,Associate's Degree,2020-02-18,True,1,High,Outstanding,Customer Service Excellence,112200.54,professional development opportunities,Social media,95000,18.10583157894736,No,,,,,High
297,298,Cassie Mangin,cmangin89@cornell.edu,Male,Research and Development,Master's Degree,2007-12-09,False,1,High,Excellent,Effective Communication Skills,91522.78,health insurance,Employee referral,95000,-3.66023157894737,No,Health reasons,2024-02-28,Personal - Life Events,Voluntary,High
298,299,Roxanne Charle,rcharle8a@dedecms.com,Female,Accounting,Associate's Degree,1993-05-15,False,4,Low,Satisfactory,Leadership Development Program,122789.59,flexible work hours,Social media,75000,63.71945333333333,No,Personal reasons,2017-11-23,Personal - Life Events,Voluntary,Meet Expectation
299,300,Vinson Mingus,vmingus8b@craigslist.org,Male,Training,PhD,2009-04-25,False,4,Moderate,Excellent,Project Management Fundamentals,143458.23,free snacks,Recruiter,50000,186.91646,Yes,Contract ended,2010-07-30,Contract Expiration,Involuntary,High
300,301,Kelwin MacMearty,kmacmearty8c@google.fr,Male,Accounting,Professional Degree,2016-05-21,True,2,Moderate,Below Expectations,Project Management Fundamentals,96219.82,401k matching,Job board,95000,1.284021052631586,Yes,,,,,Low
301,302,Baudoin Blythe,bblythe8d@sun.com,Male,Engineering,Professional Degree,2014-09-13,True,4,Moderate,Outstanding,Cybersecurity Basics,146697.92,company car,Social media,85000,72.58578823529413,Yes,,,,,High
302,303,Alano Valentine,avalentine8e@cisco.com,Male,Marketing,Professional Degree,1992-08-26,True,1,Low,Needs Improvement,Project Management Fundamentals,82352.86,401k matching,Job board,70000,17.64694285714286,No,,,,,Low
303,304,Krystle Goolding,kgoolding8f@prlog.org,Female,Training,High School Diploma,1991-07-01,False,5,High,Excellent,Introduction to Data Science,82043.37,paid time off,Job board,55000,49.16976363636363,Yes,Family commitments,2011-12-08,Personal - Life Events,Voluntary,High
304,305,Jolene Tubritt,jtubritt8g@addthis.com,Female,Engineering,Master's Degree,2001-07-16,True,2,High,Below Expectations,Leadership Development Program,92955.63,company car,Employee referral,90000,3.284033333333339,Yes,,,,,Low
305,306,Kiele Udey,kudey8h@bloglines.com,Female,Marketing,PhD,2010-01-28,True,5,Low,Superior,Introduction to Data Science,131165.91,performance bonuses,Employee referral,70000,87.37987142857143,No,,,,,High
306,307,Clarisse Adamson,cadamson8i@businessweek.com,Female,Accounting,Master's Degree,2017-09-11,True,2,Low,Outstanding,Negotiation Skills Workshop,98032.43,performance bonuses,Employee referral,65000,50.81912307692307,Yes,,,,,High
307,308,Darsie Whistlecroft,dwhistlecroft8j@ovh.net,Female,Services,Master's Degree,2010-09-03,True,5,Moderate,Average,Negotiation Skills Workshop,121250.97,health insurance,Recruiter,75000,61.66796,No,,,,,Meet Expectation
308,309,Ellene Lorkins,elorkins8k@amazon.com,Female,Marketing,Associate's Degree,2012-09-18,True,2,High,Outstanding,Cybersecurity Basics,118783.36,professional development opportunities,Job board,90000,31.98151111111111,Yes,,,,,High
309,310,Leonerd Whinney,lwhinney8l@wiley.com,Male,Product Management,Bachelor's Degree,2012-06-15,True,4,Low,Unsatisfactory,Introduction to Data Science,108495.25,performance bonuses,Employee referral,75000,44.66033333333333,Yes,,,,,Low
310,311,Sullivan Jovis,sjovis8m@ft.com,Male,Legal,PhD,1997-06-15,True,5,Low,Needs Improvement,Project Management Fundamentals,49683.01,gym membership,Social media,50000,-0.6339799999999959,No,,,,,Low
311,312,Bail Dunguy,bdunguy8n@so-net.ne.jp,Male,Accounting,PhD,2002-04-27,False,3,Moderate,Superior,Cybersecurity Basics,48739.01,professional development opportunities,Recruiter,95000,-48.69577894736842,No,Relocation,2005-09-25,Personal - Life Events,Voluntary,High
312,313,Dirk Jancar,djancar8o@github.io,Male,Support,PhD,2000-01-04,True,5,High,Satisfactory,Public Speaking Mastery,103096.95,remote work option,Recruiter,95000,8.523105263157891,Yes,,,,,Meet Expectation
313,314,Elladine McAughtrie,emcaughtrie8p@slashdot.org,Female,Services,Associate's Degree,2006-03-22,False,1,Moderate,Unsatisfactory,Customer Service Excellence,120899.31,professional development opportunities,Company website,75000,61.19908,No,Retirement,2009-07-21,Natural Attrition,Voluntary,Low
314,315,Shannon Morgan,smorgan8q@liveinternet.ru,Female,Research and Development,PhD,1994-08-07,True,1,Moderate,Excellent,Leadership Development Program,58776.95,401k matching,Employee referral,70000,-16.03292857142858,Yes,,,,,High
315,316,Robbi Ishaki,rishaki8r@disqus.com,Female,Business Development,Associate's Degree,2023-07-03,True,2,High,Below Expectations,Digital Marketing Strategies,114189.19,flexible work hours,Social media,80000,42.7364875,No,,,,,Low
316,317,Corena Murch,cmurch8s@ihg.com,Female,Marketing,Master's Degree,2014-11-17,True,1,Moderate,Average,Introduction to Data Science,99204.78,company car,Job board,90000,10.22753333333333,Yes,,,,,Meet Expectation
317,318,Costanza Woollons,cwoollons8t@twitter.com,Female,Marketing,Associate's Degree,2005-09-23,True,1,High,Superior,Customer Service Excellence,140724.05,gym membership,Employee referral,70000,101.0343571428571,Yes,,,,,High
318,319,Rebeka Wheelton,rwheelton8u@example.com,Female,Legal,Master's Degree,2003-04-30,False,2,Moderate,Needs Improvement,Digital Marketing Strategies,67568.82,401k matching,Company website,95000,-28.87492631578947,No,Relocation,2009-10-20,Personal - Life Events,Voluntary,Low
319,320,Glenn Matushevitz,gmatushevitz8v@addthis.com,Female,Training,High School Diploma,1997-02-28,True,4,Moderate,Satisfactory,Public Speaking Mastery,64561.07,flexible work hours,Job board,60000,7.601783333333333,No,,,,,Meet Expectation
320,321,Lynda Hounsom,lhounsom8w@wunderground.com,Female,Training,Professional Degree,2007-05-23,True,5,Low,Good,Public Speaking Mastery,144780.04,professional development opportunities,Employee referral,55000,163.2364363636364,Yes,,,,,Meet Expectation
321,322,Nananne Keaton,nkeaton8x@simplemachines.org,Female,Accounting,High School Diploma,2010-01-31,True,3,Low,Outstanding,Digital Marketing Strategies,40585.28,gym membership,Recruiter,55000,-26.20858181818182,No,,,,,High
322,323,Bobinette MacChaell,bmacchaell8y@wired.com,Female,Product Management,Professional Degree,2006-07-13,True,4,Low,Unsatisfactory,Digital Marketing Strategies,122522.46,health insurance,Social media,95000,28.97101052631579,No,,,,,Low
323,324,Jewelle Minico,jminico8z@twitter.com,Female,Services,Professional Degree,2003-11-01,False,5,Low,Exceptional,Introduction to Data Science,61577.32,paid time off,Job board,50000,23.15464,No,Health reasons,2023-03-04,Personal - Life Events,Voluntary,High
324,325,Casey Redmond,credmond90@issuu.com,Male,Accounting,Associate's Degree,2009-07-20,True,1,High,Below Expectations,Cybersecurity Basics,64243.38,401k matching,Recruiter,60000,7.072299999999995,No,,,,,Low
325,326,Austine Titchener,atitchener91@linkedin.com,Female,Engineering,PhD,1974-09-14,False,2,High,Superior,Advanced Excel Techniques,63841.98,gym membership,Social media,75000,-14.87736,Yes,Contract ended,2003-12-28,Contract Expiration,Involuntary,High
326,327,Lennie Blackborn,lblackborn92@hud.gov,Male,Sales,Master's Degree,2007-05-29,True,4,Low,Excellent,Introduction to Data Science,121084.35,professional development opportunities,Recruiter,70000,72.97764285714287,Yes,,,,,High
327,328,Waldo Morrott,wmorrott93@arstechnica.com,Male,Training,High School Diploma,2007-01-10,True,4,High,Unsatisfactory,Public Speaking Mastery,138832.76,remote work option,Company website,65000,113.5888615384615,Yes,,,,,Low
328,329,Marlow McElvine,mmcelvine94@ocn.ne.jp,Male,Human Resources,High School Diploma,2002-11-02,True,1,Low,Outstanding,Customer Service Excellence,117989.08,free snacks,Job board,65000,81.52166153846154,Yes,,,,,High
329,330,Linus Vanns,lvanns95@spotify.com,Male,Research and Development,PhD,1993-09-08,False,2,Moderate,Satisfactory,Negotiation Skills Workshop,137499.3,paid time off,Social media,85000,61.76388235294116,Yes,Health reasons,2021-01-24,Personal - Life Events,Voluntary,Meet Expectation
330,331,Mackenzie Sharpless,msharpless96@mtv.com,Male,Legal,High School Diploma,1990-04-29,True,2,Moderate,Satisfactory,Introduction to Data Science,40206.21,performance bonuses,Social media,95000,-57.67767368421053,No,,,,,Meet Expectation
331,332,Skippie Braunthal,sbraunthal97@4shared.com,Male,Product Management,Associate's Degree,1990-10-19,True,5,Moderate,Excellent,Public Speaking Mastery,101897.05,free snacks,Social media,55000,85.26736363636364,No,,,,,High
332,333,Blondelle Cuttings,bcuttings98@mail.ru,Female,Training,Associate's Degree,2009-05-11,True,4,High,Excellent,Project Management Fundamentals,145507.35,gym membership,Social media,70000,107.8676428571429,No,,,,,High
333,334,Zed De Miranda,zde99@trellian.com,Male,Engineering,High School Diploma,2007-03-31,True,5,Moderate,Needs Improvement,Customer Service Excellence,117588.12,professional development opportunities,Social media,70000,67.98302857142856,Yes,,,,,Low
334,335,Evaleen Pillington,epillington9a@state.tx.us,Female,Human Resources,Associate's Degree,1997-06-04,False,1,Low,Good,Effective Communication Skills,102970.96,free snacks,Company website,90000,14.41217777777779,Yes,Family commitments,2008-01-28,Personal - Life Events,Voluntary,Meet Expectation
335,336,Lionel Oxenden,loxenden9b@buzzfeed.com,Male,Product Management,High School Diploma,2012-11-28,False,2,Moderate,Below Expectations,Digital Marketing Strategies,116302.89,flexible work hours,Company website,95000,22.4240947368421,No,Family commitments,2019-07-09,Personal - Life Events,Voluntary,Low
336,337,Trevor Garrish,tgarrish9c@si.edu,Male,Sales,Master's Degree,2022-10-29,True,5,Low,Satisfactory,Digital Marketing Strategies,137338.3,professional development opportunities,Social media,65000,111.2896923076923,No,,,,,Meet Expectation
337,338,Reinold Yesipov,ryesipov9d@wunderground.com,Male,Accounting,Associate's Degree,2001-02-19,True,4,High,Average,Cybersecurity Basics,116891.95,health insurance,Job board,55000,112.5308181818182,No,,,,,Meet Expectation
338,339,Alfy Wank,awank9e@bluehost.com,Male,Sales,Associate's Degree,2016-06-15,True,3,High,Superior,Digital Marketing Strategies,82119.49,health insurance,Recruiter,60000,36.86581666666667,Yes,,,,,High
339,340,Harvey Nutkins,hnutkins9f@ed.gov,Male,Business Development,Associate's Degree,2013-05-08,True,5,Low,Below Expectations,Digital Marketing Strategies,41996.35,401k matching,Social media,85000,-50.59252941176471,No,,,,,Low
340,341,Cherrita Ainley,cainley9g@trellian.com,Female,Business Development,Master's Degree,1998-01-02,True,1,High,Excellent,Public Speaking Mastery,91864.22,gym membership,Social media,55000,67.02585454545455,No,,,,,High
341,342,Jamison Branni,jbranni9h@time.com,Male,Legal,Master's Degree,2004-11-08,True,5,Moderate,Exceptional,Customer Service Excellence,143990.32,remote work option,Social media,80000,79.98790000000001,Yes,,,,,High
342,343,Gabriell Loachhead,gloachhead9i@washingtonpost.com,Female,Legal,Bachelor's Degree,2012-05-29,False,1,High,Good,Customer Service Excellence,103840.69,remote work option,Social media,95000,9.305989473684214,Yes,Found a better opportunity,2015-12-26,Career & Compensation,Voluntary,Meet Expectation
343,344,Deeanne Barnwall,dbarnwall9j@webmd.com,Female,Legal,Master's Degree,2000-04-07,True,3,Moderate,Unsatisfactory,Introduction to Data Science,82778.51,health insurance,Company website,95000,-12.86472631578948,No,,,,,Low
344,345,Fiorenze Summerside,fsummerside9k@bloomberg.com,Female,Research and Development,PhD,1992-04-22,True,2,Moderate,Needs Improvement,Introduction to Data Science,136344.36,health insurance,Company website,55000,147.8988363636363,Yes,,,,,Low
345,346,Jilly Spratling,jspratling9l@dion.ne.jp,Female,Human Resources,Professional Degree,2004-09-16,True,1,High,Average,Customer Service Excellence,66184.14,gym membership,Job board,70000,-5.451228571428572,Yes,,,,,Meet Expectation
346,347,Britney Cansdill,bcansdill9m@smugmug.com,Female,Training,Professional Degree,1981-08-12,False,2,Low,Outstanding,Negotiation Skills Workshop,139897.59,performance bonuses,Recruiter,80000,74.87198749999999,Yes,Family commitments,2007-08-18,Personal - Life Events,Voluntary,High
347,348,Blondelle Dixon,bdixon9n@weebly.com,Female,Business Development,PhD,1999-05-08,True,5,Moderate,Excellent,Effective Communication Skills,57865.7,flexible work hours,Recruiter,50000,15.7314,Yes,,,,,High
348,349,Kettie Feragh,kferagh9o@delicious.com,Female,Product Management,High School Diploma,1991-08-14,True,4,Moderate,Needs Improvement,Public Speaking Mastery,84338.18,paid time off,Company website,90000,-6.29091111111112,Yes,,,,,Low
349,350,Daron MacCathay,dmaccathay9p@cam.ac.uk,Male,Sales,PhD,2015-08-18,True,4,Low,Below Expectations,Cybersecurity Basics,76539.13,401k matching,Company website,55000,39.16205454545455,No,,,,,Low
350,351,Joseito Senchenko,jsenchenko9q@sciencedaily.com,Male,Legal,High School Diploma,1991-08-04,True,2,Low,Excellent,Introduction to Data Science,46264.09,performance bonuses,Company website,85000,-45.57165882352942,Yes,,,,,High
351,352,Estella Larkcum,elarkcum9r@rakuten.co.jp,Female,Research and Development,Master's Degree,2016-10-24,False,5,Low,Outstanding,Project Management Fundamentals,115284.57,performance bonuses,Job board,70000,64.69224285714287,No,Health reasons,2018-10-08,Personal - Life Events,Voluntary,High
352,353,Kelley Cornu,kcornu9s@jugem.jp,Female,Human Resources,High School Diploma,1991-07-12,True,2,Moderate,Unsatisfactory,Project Management Fundamentals,57321.82,performance bonuses,Employee referral,75000,-23.57090666666667,Yes,,,,,Low
353,354,Edna Gregorin,egregorin9t@samsung.com,Female,Accounting,Bachelor's Degree,1993-03-06,True,4,High,Satisfactory,Cybersecurity Basics,117560.05,401k matching,Company website,75000,56.74673333333333,Yes,,,,,Meet Expectation
354,355,Melonie Tolcher,mtolcher9u@nydailynews.com,Female,Support,High School Diploma,2003-05-23,True,2,Moderate,Excellent,Introduction to Data Science,40509.42,professional development opportunities,Company website,85000,-52.34185882352942,No,,,,,High
355,356,Madel Vasishchev,mvasishchev9v@alibaba.com,Female,Sales,PhD,2017-07-05,True,1,High,Satisfactory,Digital Marketing Strategies,109530.17,company car,Job board,50000,119.06034,Yes,,,,,Meet Expectation
356,357,Bealle Gross,bgross9w@t-online.de,Male,Legal,Master's Degree,2002-09-16,True,5,Moderate,Outstanding,Cybersecurity Basics,138791.73,flexible work hours,Job board,95000,46.09655789473685,Yes,,,,,High
357,358,Reidar Emmens,remmens9x@topsy.com,Male,Training,Master's Degree,2006-07-10,True,2,Low,Good,Cybersecurity Basics,90908.59,paid time off,Company website,85000,6.951282352941172,Yes,,,,,Meet Expectation
358,359,Byrom Ferres,bferres9y@redcross.org,Male,Human Resources,Associate's Degree,2019-07-15,True,1,High,Exceptional,Advanced Excel Techniques,60481.06,company car,Job board,80000,-24.398675,Yes,,,,,High
359,360,Doralin Kinkaid,dkinkaid9z@aol.com,Female,Research and Development,PhD,2011-05-06,True,1,Low,Excellent,Public Speaking Mastery,44434.65,remote work option,Social media,80000,-44.45668749999999,Yes,,,,,High
360,361,Luisa Jammes,ljammesa0@illinois.edu,Female,Training,Professional Degree,2018-05-28,True,1,Moderate,Below Expectations,Project Management Fundamentals,99354.51,flexible work hours,Social media,50000,98.70902,Yes,,,,,Low
361,362,Jennifer Dadswell,jdadswella1@1und1.de,Female,Product Management,PhD,1997-04-27,True,3,Low,Outstanding,Negotiation Skills Workshop,98333.81,professional development opportunities,Company website,65000,51.28278461538461,Yes,,,,,High
362,363,Krystyna Friman,kfrimana2@plala.or.jp,Female,Engineering,Master's Degree,2000-09-19,True,3,High,Superior,Leadership Development Program,69149.06,professional development opportunities,Job board,85000,-18.64816470588235,Yes,,,,,High
363,364,Amberly Kale,akalea3@loc.gov,Female,Accounting,Master's Degree,1987-07-24,False,5,High,Excellent,Cybersecurity Basics,116385.53,paid time off,Recruiter,90000,29.31725555555555,No,Found a better opportunity,2004-04-02,Career & Compensation,Voluntary,High
364,365,Dominic Balentyne,dbalentynea4@uol.com.br,Male,Services,Master's Degree,2002-12-29,True,5,Low,Below Expectations,Advanced Excel Techniques,67045.33,remote work option,Recruiter,95000,-29.42596842105263,No,,,,,Low
365,366,Bobinette MacKonochie,bmackonochiea5@1688.com,Female,Support,Bachelor's Degree,2015-05-10,True,4,High,Excellent,Effective Communication Skills,100110.06,health insurance,Recruiter,75000,33.48007999999999,Yes,,,,,High
366,367,Freeland Geere,fgeerea6@people.com.cn,Male,Support,High School Diploma,1997-05-12,False,3,Low,Unsatisfactory,Public Speaking Mastery,73050.44,paid time off,Social media,60000,21.75073333333334,Yes,Retirement,2010-07-13,Natural Attrition,Voluntary,Low
367,368,Basile Hardbattle,bhardbattlea7@ning.com,Male,Business Development,Associate's Degree,1993-08-08,False,2,Low,Excellent,Digital Marketing Strategies,77225.33,professional development opportunities,Recruiter,85000,-9.146670588235292,Yes,Company downsizing,2008-04-18,Organizational Restructuring,Involuntary,High
368,369,Aimil Sandyford,asandyforda8@mail.ru,Female,Sales,Associate's Degree,2002-04-13,True,3,Moderate,Satisfactory,Negotiation Skills Workshop,102796.91,gym membership,Employee referral,75000,37.06254666666668,Yes,,,,,Meet Expectation
369,370,Bren Androsik,bandrosika9@wisc.edu,Male,Engineering,Associate's Degree,2002-06-11,True,5,Low,Exceptional,Introduction to Data Science,98531.45,health insurance,Employee referral,55000,79.14809090909091,Yes,,,,,High
370,371,Alfred Lucken,aluckenaa@arstechnica.com,Male,Engineering,Master's Degree,2019-12-20,True,4,High,Good,Public Speaking Mastery,107908.11,free snacks,Recruiter,50000,115.81622,Yes,,,,,Meet Expectation
371,372,Cherilynn Lindstedt,clindstedtab@un.org,Female,Training,Associate's Degree,2003-09-03,True,1,Low,Below Expectations,Negotiation Skills Workshop,93203.92,401k matching,Employee referral,85000,9.651670588235293,No,,,,,Low
372,373,Johnath Elsmore,jelsmoreac@accuweather.com,Female,Research and Development,Bachelor's Degree,1992-09-21,False,5,Low,Good,Leadership Development Program,101895.3,paid time off,Recruiter,85000,19.87682352941177,No,Personal reasons,2014-05-15,Personal - Life Events,Voluntary,Meet Expectation
373,374,Cherin Robillard,crobillardad@tripod.com,Female,Legal,Professional Degree,1999-08-28,False,4,High,Needs Improvement,Advanced Excel Techniques,46612.72,remote work option,Employee referral,75000,-37.84970666666666,Yes,Found a better opportunity,2013-02-18,Career & Compensation,Voluntary,Low
374,375,Mortie Pougher,mpougherae@nih.gov,Male,Accounting,High School Diploma,1995-06-03,True,5,Low,Superior,Digital Marketing Strategies,111745.54,401k matching,Employee referral,65000,71.91621538461538,No,,,,,High
375,376,Janeen Blackden,jblackdenaf@usnews.com,Female,Accounting,Bachelor's Degree,1992-10-20,True,1,Low,Below Expectations,Advanced Excel Techniques,81398.87,401k matching,Social media,60000,35.66478333333333,Yes,,,,,Low
376,377,Liva Pitcaithley,lpitcaithleyag@discuz.net,Female,Engineering,Bachelor's Degree,1992-03-31,False,5,High,Satisfactory,Effective Communication Skills,122415.9,health insurance,Social media,80000,53.01987499999999,Yes,Found a better opportunity,2019-07-24,Career & Compensation,Voluntary,Meet Expectation
377,378,Rice Iacobo,riacoboah@devhub.com,Male,Marketing,PhD,2019-09-27,True,1,Moderate,Average,Customer Service Excellence,82742.0,professional development opportunities,Employee referral,50000,65.484,No,,,,,Meet Expectation
378,379,Bil Drysdall,bdrysdallai@buzzfeed.com,Male,Legal,Bachelor's Degree,1990-03-03,True,3,Moderate,Satisfactory,Leadership Development Program,114611.57,health insurance,Recruiter,60000,91.01928333333336,Yes,,,,,Meet Expectation
379,380,Beatrice Bernardino,bbernardinoaj@spiegel.de,Female,Training,Bachelor's Degree,1996-01-01,False,4,Low,Excellent,Customer Service Excellence,63718.7,company car,Job board,95000,-32.92768421052632,Yes,Career change,2006-12-26,Career & Compensation,Voluntary,High
380,381,Flynn Bradmore,fbradmoreak@wordpress.org,Male,Accounting,Professional Degree,2019-03-05,True,1,Moderate,Superior,Digital Marketing Strategies,139011.56,performance bonuses,Company website,95000,46.32795789473684,No,,,,,High
381,382,Khalil Peasee,kpeaseeal@macromedia.com,Male,Services,Master's Degree,2005-04-08,True,2,Moderate,Below Expectations,Digital Marketing Strategies,145456.09,health insurance,Recruiter,85000,71.12481176470588,Yes,,,,,Low
382,383,Bianka Ead,beadam@unc.edu,Female,Business Development,High School Diploma,2003-04-18,True,1,Low,Good,Introduction to Data Science,144906.0,performance bonuses,Recruiter,75000,93.208,Yes,,,,,Meet Expectation
383,384,Daveen Barbary,dbarbaryan@blogs.com,Female,Legal,High School Diploma,2002-05-27,True,5,Moderate,Unsatisfactory,Project Management Fundamentals,97707.76,remote work option,Employee referral,50000,95.41552,No,,,,,Low
384,385,Astra Danton,adantonao@canalblog.com,Female,Product Management,PhD,2012-12-08,True,5,High,Outstanding,Introduction to Data Science,97655.47,401k matching,Company website,90000,8.50607777777778,Yes,,,,,High
385,386,Demetrius Winny,dwinnyap@census.gov,Male,Legal,Professional Degree,2017-09-05,False,4,Moderate,Satisfactory,Advanced Excel Techniques,142220.42,paid time off,Social media,70000,103.1720285714286,No,Company downsizing,2019-08-18,Organizational Restructuring,Involuntary,Meet Expectation
386,387,Vaughn Denny,vdennyaq@blogtalkradio.com,Male,Sales,Associate's Degree,2007-04-24,True,2,Moderate,Superior,Effective Communication Skills,69957.59,remote work option,Recruiter,70000,-0.0605857142857192,Yes,,,,,High
387,388,Chrystel Roncelli,croncelliar@marriott.com,Female,Support,PhD,2003-05-17,False,5,Moderate,Unsatisfactory,Introduction to Data Science,144918.33,gym membership,Employee referral,65000,122.9512769230769,No,Lack of growth opportunities,2023-10-07,Career & Compensation,Voluntary,Low
388,389,Marika Chaplain,mchaplainas@google.it,Female,Human Resources,Professional Degree,2007-07-07,True,2,Low,Good,Negotiation Skills Workshop,148182.47,flexible work hours,Employee referral,95000,55.98154736842106,Yes,,,,,Meet Expectation
389,390,Alf Goneau,agoneauat@cbslocal.com,Male,Legal,PhD,2001-07-15,False,5,High,Superior,Advanced Excel Techniques,72876.8,remote work option,Job board,75000,-2.830933333333329,Yes,Found a better opportunity,2010-08-03,Career & Compensation,Voluntary,High
390,391,Cord Clapperton,cclappertonau@dell.com,Male,Business Development,Master's Degree,1993-06-14,False,4,High,Good,Introduction to Data Science,105869.49,company car,Social media,85000,24.55234117647059,Yes,Relocation,2008-10-06,Personal - Life Events,Voluntary,Meet Expectation
391,392,Kayne Coneron,kconeronav@dailymail.co.uk,Male,Business Development,Master's Degree,1992-06-04,False,1,High,Below Expectations,Negotiation Skills Workshop,103458.01,remote work option,Recruiter,75000,37.94401333333332,Yes,Found a better opportunity,2021-06-10,Career & Compensation,Voluntary,Low
392,393,Glennie Baleine,gbaleineaw@blog.com,Female,Product Management,Master's Degree,1986-09-02,False,4,Low,Exceptional,Public Speaking Mastery,106365.83,free snacks,Company website,95000,11.96403157894737,No,Family commitments,2006-02-07,Personal - Life Events,Voluntary,High
393,394,Vinita Dongall,vdongallax@naver.com,Female,Services,Associate's Degree,2013-10-09,False,1,Moderate,Good,Leadership Development Program,73438.07,performance bonuses,Social media,85000,-13.60227058823529,No,Relocation,2023-01-08,Personal - Life Events,Voluntary,Meet Expectation
394,395,Wolf Martinho,wmartinhoay@sitemeter.com,Male,Engineering,Bachelor's Degree,2019-11-14,True,2,High,Average,Effective Communication Skills,120143.76,free snacks,Social media,65000,84.83655384615383,Yes,,,,,Meet Expectation
395,396,Ashlin Halpin,ahalpinaz@csmonitor.com,Male,Marketing,Associate's Degree,1991-03-25,False,5,High,Needs Improvement,Customer Service Excellence,82315.64,flexible work hours,Employee referral,95000,-13.35195789473684,Yes,Health reasons,2008-07-15,Personal - Life Events,Voluntary,Low
396,397,Bondy Cowins,bcowinsb0@nhs.uk,Male,Accounting,PhD,2012-05-27,True,2,High,Needs Improvement,Advanced Excel Techniques,94048.17,health insurance,Job board,90000,4.497966666666665,Yes,,,,,Low
397,398,Sharia Weatherburn,sweatherburnb1@nytimes.com,Female,Engineering,High School Diploma,1997-03-19,True,5,Moderate,Exceptional,Digital Marketing Strategies,123007.69,free snacks,Job board,90000,36.67521111111111,Yes,,,,,High
398,399,Binky Lobell,blobellb2@altervista.org,Male,Marketing,Bachelor's Degree,1993-06-29,False,2,High,Excellent,Cybersecurity Basics,101282.79,paid time off,Social media,75000,35.04371999999999,No,Lack of growth opportunities,2011-08-16,Career & Compensation,Voluntary,High
399,400,Foss Jessopp,fjessoppb3@zdnet.com,Male,Support,Professional Degree,1992-09-15,True,1,Moderate,Unsatisfactory,Public Speaking Mastery,127570.94,paid time off,Social media,85000,50.08345882352941,No,,,,,Low
400,401,Emmie Grestie,egrestieb4@ox.ac.uk,Female,Services,Bachelor's Degree,2013-04-18,True,2,High,Good,Cybersecurity Basics,69105.54,performance bonuses,Company website,60000,15.17589999999999,Yes,,,,,Meet Expectation
401,402,Nehemiah Kluge,nklugeb5@chron.com,Male,Sales,Master's Degree,2011-11-21,False,4,High,Good,Introduction to Data Science,42487.59,flexible work hours,Company website,80000,-46.8905125,No,Health reasons,2014-05-02,Personal - Life Events,Voluntary,Meet Expectation
402,403,Olin Henstridge,ohenstridgeb6@webmd.com,Male,Research and Development,Associate's Degree,1992-03-31,False,3,Moderate,Below Expectations,Advanced Excel Techniques,41707.47,remote work option,Job board,60000,-30.48755,No,Personal reasons,2016-03-25,Personal - Life Events,Voluntary,Low
403,404,Neils Joreau,njoreaub7@seattletimes.com,Male,Business Development,Master's Degree,2000-06-24,False,2,Low,Average,Public Speaking Mastery,147194.31,company car,Company website,85000,73.16977647058823,Yes,Contract ended,2006-04-08,Contract Expiration,Involuntary,Meet Expectation
404,405,Herby Creighton,hcreightonb8@ucsd.edu,Male,Training,Master's Degree,2023-09-20,True,2,Low,Average,Leadership Development Program,102112.53,performance bonuses,Company website,80000,27.6406625,No,,,,,Meet Expectation
405,406,Ferguson Kornousek,fkornousekb9@cam.ac.uk,Male,Marketing,Associate's Degree,2013-06-17,True,2,Low,Unsatisfactory,Introduction to Data Science,130144.91,professional development opportunities,Company website,65000,100.2229384615385,No,,,,,Low
406,407,Bronson Forth,bforthba@zdnet.com,Male,Sales,Associate's Degree,2021-06-15,True,3,Moderate,Below Expectations,Effective Communication Skills,77393.12,gym membership,Recruiter,85000,-8.9492705882353,No,,,,,Low
407,408,Barrie Barcroft,bbarcroftbb@cdbaby.com,Male,Human Resources,Bachelor's Degree,2009-02-11,False,5,Moderate,Outstanding,Customer Service Excellence,52448.95,performance bonuses,Company website,80000,-34.4388125,No,Contract ended,2015-04-05,Contract Expiration,Involuntary,High
408,409,Aldous Manhare,amanharebc@economist.com,Male,Engineering,Professional Degree,2003-10-27,True,1,High,Outstanding,Project Management Fundamentals,110388.93,free snacks,Recruiter,60000,83.98155,No,,,,,High
409,410,Grover Leggen,gleggenbd@thetimes.co.uk,Male,Engineering,High School Diploma,2014-04-04,True,1,Moderate,Superior,Customer Service Excellence,106421.12,professional development opportunities,Recruiter,95000,12.02223157894736,Yes,,,,,High
410,411,Aube Simo,asimobe@techcrunch.com,Male,Business Development,Professional Degree,2021-02-12,True,1,Low,Unsatisfactory,Negotiation Skills Workshop,108841.78,health insurance,Job board,90000,20.93531111111111,Yes,,,,,Low
411,412,Enriqueta Skentelbery,eskentelberybf@opensource.org,Female,Services,Bachelor's Degree,2006-10-12,True,3,High,Outstanding,Negotiation Skills Workshop,79292.2,professional development opportunities,Job board,80000,-0.8847500000000036,No,,,,,High
412,413,Patrizius Nannoni,pnannonibg@microsoft.com,Male,Accounting,PhD,2023-12-14,True,3,Low,Exceptional,Public Speaking Mastery,69233.94,flexible work hours,Job board,70000,-1.094371428571425,No,,,,,High
413,414,Kellina Dessant,kdessantbh@discuz.net,Female,Services,High School Diploma,2006-11-24,True,1,Low,Needs Improvement,Digital Marketing Strategies,122139.76,flexible work hours,Employee referral,90000,35.71084444444444,Yes,,,,,Low
414,415,Arda Saffer,asafferbi@cargocollective.com,Female,Support,Professional Degree,2007-04-03,True,2,High,Excellent,Leadership Development Program,118459.79,health insurance,Company website,80000,48.07473749999999,Yes,,,,,High
415,416,Averyl Tolerton,atolertonbj@devhub.com,Female,Legal,PhD,2023-08-24,True,1,High,Good,Leadership Development Program,46430.84,gym membership,Social media,75000,-38.09221333333333,Yes,,,,,Meet Expectation
416,417,Harv Trevor,htrevorbk@reverbnation.com,Male,Product Management,PhD,2017-01-09,False,5,Moderate,Exceptional,Project Management Fundamentals,64623.41,performance bonuses,Job board,55000,17.4971090909091,No,Contract ended,2023-09-19,Contract Expiration,Involuntary,High
417,418,Torrie Charlton,tcharltonbl@yellowbook.com,Female,Accounting,Associate's Degree,2022-03-02,True,5,Moderate,Excellent,Negotiation Skills Workshop,75463.54,flexible work hours,Employee referral,70000,7.805057142857133,Yes,,,,,High
418,419,Andie Gull,agullbm@feedburner.com,Female,Services,High School Diploma,2009-03-31,True,3,Low,Outstanding,Digital Marketing Strategies,44975.57,gym membership,Employee referral,65000,-30.80681538461538,No,,,,,High
419,420,Dorena Sculpher,dsculpherbn@uol.com.br,Female,Marketing,PhD,2006-12-11,True,4,Low,Superior,Digital Marketing Strategies,112207.74,health insurance,Social media,80000,40.25967500000001,Yes,,,,,High
420,421,Lydon Whoston,lwhostonbo@friendfeed.com,Male,Accounting,Associate's Degree,2011-01-04,True,2,Low,Below Expectations,Project Management Fundamentals,51702.06,gym membership,Recruiter,60000,-13.8299,Yes,,,,,Low
421,422,Sarajane Houldcroft,shouldcroftbp@imageshack.us,Female,Support,High School Diploma,2020-09-08,False,5,Moderate,Superior,Introduction to Data Science,125664.93,company car,Company website,75000,67.55323999999999,No,Career change,2022-06-08,Career & Compensation,Voluntary,High
422,423,Tierney Frill,tfrillbq@prnewswire.com,Female,Product Management,PhD,1991-04-16,True,3,Moderate,Good,Public Speaking Mastery,52231.07,performance bonuses,Social media,55000,-5.034418181818182,Yes,,,,,Meet Expectation
423,424,Killian Harbord,kharbordbr@prnewswire.com,Male,Human Resources,High School Diploma,1990-11-21,False,3,Low,Excellent,Advanced Excel Techniques,97587.9,paid time off,Social media,80000,21.98487499999999,No,Career change,2007-09-13,Career & Compensation,Voluntary,High
424,425,Roby Drust,rdrustbs@nationalgeographic.com,Female,Engineering,Bachelor's Degree,2019-07-04,True,4,Low,Excellent,Project Management Fundamentals,119229.16,performance bonuses,Social media,55000,116.7802909090909,Yes,,,,,High
425,426,Antonio Dodsworth,adodsworthbt@thetimes.co.uk,Male,Accounting,Associate's Degree,2003-09-07,True,2,Low,Superior,Advanced Excel Techniques,99933.16,performance bonuses,Recruiter,65000,53.74332307692308,No,,,,,High
426,427,Orville Moye,omoyebu@illinois.edu,Male,Human Resources,Master's Degree,2016-06-20,True,5,Moderate,Unsatisfactory,Digital Marketing Strategies,47072.7,flexible work hours,Recruiter,70000,-32.75328571428572,No,,,,,Low
427,428,Philbert Olney,polneybv@fema.gov,Male,Sales,Professional Degree,2004-07-19,True,3,High,Needs Improvement,Negotiation Skills Workshop,68490.08,flexible work hours,Recruiter,60000,14.15013333333334,No,,,,,Low
428,429,Gusta Denizet,gdenizetbw@indiatimes.com,Female,Legal,Bachelor's Degree,1991-08-24,True,4,High,Average,Public Speaking Mastery,58087.04,flexible work hours,Employee referral,65000,-10.63532307692308,No,,,,,Meet Expectation
429,430,Margit Housegoe,mhousegoebx@netlog.com,Female,Human Resources,Professional Degree,2019-11-02,True,3,Moderate,Unsatisfactory,Introduction to Data Science,114438.75,flexible work hours,Social media,90000,27.15416666666667,No,,,,,Low
430,431,Dannel Gurwood,dgurwoodby@springer.com,Male,Product Management,High School Diploma,2021-03-01,False,4,High,Needs Improvement,Digital Marketing Strategies,46200.8,paid time off,Employee referral,95000,-51.36757894736842,Yes,Found a better opportunity,2023-11-29,Career & Compensation,Voluntary,Low
431,432,Reade Kanzler,rkanzlerbz@cbslocal.com,Male,Sales,Master's Degree,2002-06-30,True,2,Low,Outstanding,Customer Service Excellence,107556.35,paid time off,Company website,60000,79.26058333333334,No,,,,,High
432,433,Meara Goolding,mgooldingc0@youtu.be,Female,Services,High School Diploma,1992-04-12,True,5,Moderate,Average,Digital Marketing Strategies,68306.07,company car,Company website,90000,-24.10436666666666,No,,,,,Meet Expectation
433,434,Hamel Whatsize,hwhatsizec1@purevolume.com,Male,Support,PhD,1995-03-01,True,4,Moderate,Good,Project Management Fundamentals,57367.64,remote work option,Company website,75000,-23.50981333333333,No,,,,,Meet Expectation
434,435,Viv Hellmore,vhellmorec2@bbb.org,Female,Services,High School Diploma,2013-03-25,True,3,High,Average,Effective Communication Skills,130628.21,flexible work hours,Recruiter,70000,86.61172857142859,Yes,,,,,Meet Expectation
435,436,Elspeth Maple,emaplec3@hexun.com,Female,Product Management,Associate's Degree,2007-06-05,True,3,Moderate,Exceptional,Public Speaking Mastery,69075.27,401k matching,Social media,95000,-27.28918947368421,Yes,,,,,High
436,437,Penelopa Bompas,pbompasc4@hexun.com,Female,Marketing,PhD,1992-02-11,False,4,Low,Exceptional,Effective Communication Skills,45009.78,flexible work hours,Company website,50000,-9.980440000000003,No,Personal reasons,2004-06-12,Personal - Life Events,Voluntary,High
437,438,Arlena De Brett,adec5@wunderground.com,Female,Sales,Master's Degree,2000-11-11,True,1,High,Excellent,Cybersecurity Basics,126795.46,gym membership,Recruiter,60000,111.3257666666667,Yes,,,,,High
438,439,Sheila Di Giacomettino,sdic6@google.cn,Female,Human Resources,High School Diploma,1994-12-02,True,3,High,Outstanding,Negotiation Skills Workshop,80447.58,401k matching,Company website,55000,46.26832727272728,No,,,,,High
439,440,Kellen Miguet,kmiguetc7@nbcnews.com,Female,Support,Bachelor's Degree,1985-03-22,False,1,Moderate,Outstanding,Public Speaking Mastery,112849.58,paid time off,Employee referral,60000,88.08263333333333,Yes,Personal reasons,2001-09-30,Personal - Life Events,Voluntary,High
440,441,Betsy Guiraud,bguiraudc8@irs.gov,Female,Research and Development,Professional Degree,2003-08-05,True,5,High,Unsatisfactory,Project Management Fundamentals,46820.12,flexible work hours,Company website,75000,-37.57317333333333,Yes,,,,,Low
441,442,Floria Galilee,fgalileec9@unicef.org,Female,Marketing,Professional Degree,2007-11-03,False,4,High,Needs Improvement,Introduction to Data Science,63291.66,flexible work hours,Company website,60000,5.486100000000006,No,Personal reasons,2010-07-01,Personal - Life Events,Voluntary,Low
442,443,Winnie Feasey,wfeaseyca@last.fm,Male,Marketing,High School Diploma,2013-02-05,True,2,Moderate,Unsatisfactory,Advanced Excel Techniques,144279.02,paid time off,Social media,90000,60.31002222222222,Yes,,,,,Low
443,444,Karina Paddy,kpaddycb@twitpic.com,Female,Product Management,Bachelor's Degree,1999-09-12,False,1,Moderate,Needs Improvement,Public Speaking Mastery,131591.71,health insurance,Job board,95000,38.5175894736842,No,Retirement,2021-08-06,Natural Attrition,Voluntary,Low
444,445,Hyacinthe Elsegood,helsegoodcc@comsenz.com,Female,Human Resources,Professional Degree,2009-08-11,False,1,Moderate,Excellent,Negotiation Skills Workshop,56873.88,company car,Employee referral,85000,-33.08955294117648,Yes,Company downsizing,2015-10-05,Organizational Restructuring,Involuntary,High
445,446,Terencio Brocks,tbrockscd@jalbum.net,Male,Human Resources,Master's Degree,1999-08-06,True,3,High,Outstanding,Public Speaking Mastery,49268.53,health insurance,Recruiter,50000,-1.462940000000002,Yes,,,,,High
446,447,Fawne Antonias,fantoniasce@example.com,Female,Marketing,High School Diploma,1996-08-30,False,5,Low,Satisfactory,Digital Marketing Strategies,51530.36,free snacks,Employee referral,95000,-45.75751578947369,Yes,Personal reasons,2007-05-03,Personal - Life Events,Voluntary,Meet Expectation
447,448,Vincenty Bhatia,vbhatiacf@chronoengine.com,Male,Support,Professional Degree,2002-11-09,False,3,Low,Average,Leadership Development Program,110817.84,gym membership,Company website,50000,121.63568,Yes,Personal reasons,2023-04-22,Personal - Life Events,Voluntary,Meet Expectation
448,449,Saunderson Delbergue,sdelberguecg@buzzfeed.com,Male,Sales,Associate's Degree,2011-07-29,False,1,Low,Satisfactory,Cybersecurity Basics,137415.82,health insurance,Social media,95000,44.64823157894738,Yes,Retirement,2015-05-05,Natural Attrition,Voluntary,Meet Expectation
449,450,Danita Theyer,dtheyerch@bbc.co.uk,Female,Sales,Bachelor's Degree,2000-10-18,False,3,High,Outstanding,Introduction to Data Science,131447.8,free snacks,Recruiter,50000,162.8956,Yes,Retirement,2024-02-23,Natural Attrition,Voluntary,High
450,451,Brew Nornasell,bnornasellci@aol.com,Male,Product Management,Associate's Degree,1999-11-10,True,5,Moderate,Below Expectations,Advanced Excel Techniques,143255.74,free snacks,Social media,80000,79.06967499999999,Yes,,,,,Low
451,452,Zorah Assur,zassurcj@flickr.com,Female,Training,Master's Degree,2008-09-01,False,5,Low,Good,Customer Service Excellence,103869.58,professional development opportunities,Social media,90000,15.41064444444445,Yes,Personal reasons,2016-06-07,Personal - Life Events,Voluntary,Meet Expectation
452,453,Salvador Shenfisch,sshenfischck@un.org,Male,Legal,Master's Degree,1989-01-18,False,1,Low,Needs Improvement,Customer Service Excellence,53386.92,paid time off,Company website,70000,-23.73297142857143,No,Relocation,2015-10-14,Personal - Life Events,Voluntary,Low
453,454,Chauncey Hatwell,chatwellcl@nytimes.com,Male,Accounting,High School Diploma,1992-01-07,False,5,Moderate,Superior,Effective Communication Skills,106177.82,free snacks,Employee referral,65000,63.35049230769232,No,Retirement,2018-05-15,Natural Attrition,Voluntary,High
454,455,Lottie Yoseloff,lyoseloffcm@google.de,Female,Services,High School Diploma,2016-09-30,True,2,Low,Exceptional,Leadership Development Program,58648.49,gym membership,Company website,75000,-21.80201333333333,Yes,,,,,High
455,456,Karon McCormick,kmccormickcn@myspace.com,Female,Training,Bachelor's Degree,2001-08-06,False,4,Moderate,Excellent,Cybersecurity Basics,71867.04,performance bonuses,Job board,65000,10.56467692307691,No,Family commitments,2011-01-12,Personal - Life Events,Voluntary,High
456,457,Abeu Calloway,acallowayco@noaa.gov,Male,Sales,PhD,2012-10-14,True,1,High,Satisfactory,Cybersecurity Basics,148349.97,free snacks,Social media,95000,56.15786315789474,Yes,,,,,Meet Expectation
457,458,Bartholemy Unsworth,bunsworthcp@slate.com,Male,Marketing,Associate's Degree,2012-04-06,True,3,Low,Unsatisfactory,Public Speaking Mastery,53087.83,401k matching,Social media,65000,-18.32641538461538,No,,,,,Low
458,459,Parke Tremmel,ptremmelcq@ning.com,Male,Services,Master's Degree,1977-05-02,False,1,High,Good,Project Management Fundamentals,90420.4,paid time off,Recruiter,90000,0.4671111111111046,Yes,Retirement,2003-06-25,Natural Attrition,Voluntary,Meet Expectation
459,460,Millard Leuty,mleutycr@joomla.org,Male,Training,Bachelor's Degree,2013-12-27,True,1,High,Superior,Project Management Fundamentals,65258.42,health insurance,Social media,65000,0.3975692307692281,Yes,,,,,High
460,461,Blondie Lynch,blynchcs@macromedia.com,Female,Legal,Bachelor's Degree,1999-04-02,True,2,High,Unsatisfactory,Leadership Development Program,43897.82,remote work option,Employee referral,50000,-12.20436,No,,,,,Low
461,462,Law Guyton,lguytonct@reference.com,Male,Engineering,Associate's Degree,1985-01-07,False,5,Moderate,Superior,Customer Service Excellence,135230.25,gym membership,Job board,75000,80.30699999999999,Yes,Retirement,2003-11-28,Natural Attrition,Voluntary,High
462,463,Dennis Puckham,dpuckhamcu@ebay.com,Male,Research and Development,Associate's Degree,2023-03-02,True,5,Low,Excellent,Negotiation Skills Workshop,65049.41,gym membership,Recruiter,65000,0.0760153846153899,No,,,,,High
463,464,Ewell Rey,ereycv@parallels.com,Male,Legal,Bachelor's Degree,1996-05-15,True,1,High,Below Expectations,Negotiation Skills Workshop,62685.55,professional development opportunities,Job board,55000,13.97372727272728,No,,,,,Low
464,465,Ulrika Rowat,urowatcw@weebly.com,Female,Product Management,High School Diploma,2019-11-12,True,2,High,Below Expectations,Project Management Fundamentals,62955.22,performance bonuses,Recruiter,55000,14.46403636363637,Yes,,,,,Low
465,466,Yardley Gill,ygillcx@privacy.gov.au,Male,Engineering,Associate's Degree,1984-01-07,False,1,Low,Unsatisfactory,Leadership Development Program,78181.52,health insurance,Employee referral,65000,20.27926153846155,Yes,Company downsizing,2007-04-05,Organizational Restructuring,Involuntary,Low
466,467,Florinda Scamerdine,fscamerdinecy@gravatar.com,Female,Support,PhD,1993-01-14,True,5,Low,Needs Improvement,Public Speaking Mastery,101407.33,performance bonuses,Company website,95000,6.744557894736844,No,,,,,Low
467,468,Ingeberg Kester,ikestercz@cbsnews.com,Female,Research and Development,PhD,2000-09-10,True,5,Moderate,Superior,Cybersecurity Basics,103152.4,company car,Company website,80000,28.94049999999999,No,,,,,High
468,469,Randal Boor,rboord0@washington.edu,Male,Engineering,Master's Degree,2022-07-15,True,5,Moderate,Below Expectations,Introduction to Data Science,72457.47,company car,Job board,80000,-9.428162499999996,Yes,,,,,Low
469,470,Shay Yarnold,syarnoldd1@ask.com,Male,Marketing,Bachelor's Degree,2020-01-23,True,3,High,Exceptional,Digital Marketing Strategies,59788.38,free snacks,Social media,50000,19.57676,Yes,,,,,High
470,471,Alyce Ahrendsen,aahrendsend2@ibm.com,Female,Services,Master's Degree,1992-10-04,True,1,Moderate,Needs Improvement,Public Speaking Mastery,43714.21,flexible work hours,Recruiter,95000,-53.98504210526316,Yes,,,,,Low
471,472,Iorgos O'Henery,ioheneryd3@spiegel.de,Male,Human Resources,Associate's Degree,2015-11-09,False,4,Low,Superior,Effective Communication Skills,41544.8,gym membership,Recruiter,60000,-30.75866666666666,Yes,Health reasons,2022-06-23,Personal - Life Events,Voluntary,High
472,473,Grantham Bulfoy,gbulfoyd4@yahoo.com,Male,Legal,High School Diploma,1997-11-03,True,2,Moderate,Needs Improvement,Cybersecurity Basics,57301.79,professional development opportunities,Employee referral,55000,4.185072727272729,No,,,,,Low
473,474,Terrel Kedward,tkedwardd5@cbsnews.com,Male,Engineering,Associate's Degree,2021-06-20,True,1,Moderate,Satisfactory,Introduction to Data Science,69612.14,health insurance,Employee referral,95000,-26.72406315789474,Yes,,,,,Meet Expectation
474,475,Alanson Deem,adeemd6@github.io,Male,Research and Development,PhD,1980-02-16,False,4,High,Exceptional,Introduction to Data Science,66507.52,paid time off,Job board,75000,-11.32330666666666,No,Retirement,2005-06-21,Natural Attrition,Voluntary,High
475,476,Dominik Pinckard,dpinckardd7@foxnews.com,Male,Engineering,PhD,2015-09-14,False,3,High,Superior,Project Management Fundamentals,72307.24,health insurance,Social media,70000,3.29605714285715,Yes,Retirement,2023-04-02,Natural Attrition,Voluntary,High
476,477,Marjie Regis,mregisd8@zdnet.com,Female,Product Management,PhD,1998-09-06,True,4,High,Below Expectations,Advanced Excel Techniques,126363.46,remote work option,Social media,90000,40.40384444444445,No,,,,,Low
477,478,Estell Carleton,ecarletond9@dropbox.com,Female,Sales,Professional Degree,1987-07-09,False,3,Low,Below Expectations,Public Speaking Mastery,112813.62,performance bonuses,Job board,90000,25.34846666666666,Yes,Relocation,2012-05-01,Personal - Life Events,Voluntary,Low
478,479,Tanya O'Sharkey,tosharkeyda@usgs.gov,Female,Business Development,Associate's Degree,2011-11-15,True,3,Moderate,Exceptional,Advanced Excel Techniques,69442.31,401k matching,Recruiter,65000,6.834323076923074,Yes,,,,,High
479,480,Geoffry Conibeer,gconibeerdb@trellian.com,Male,Human Resources,Bachelor's Degree,2010-08-03,True,1,Low,Good,Public Speaking Mastery,123166.88,free snacks,Recruiter,55000,123.9397818181818,Yes,,,,,Meet Expectation
480,481,Allix Humber,ahumberdc@newsvine.com,Female,Human Resources,Professional Degree,1994-09-21,True,4,High,Below Expectations,Project Management Fundamentals,72388.45,professional development opportunities,Employee referral,75000,-3.482066666666671,Yes,,,,,Low
481,482,Augusto Siggers,asiggersdd@angelfire.com,Male,Research and Development,PhD,2016-11-18,True,2,High,Exceptional,Effective Communication Skills,53937.29,company car,Employee referral,70000,-22.94672857142857,No,,,,,High
482,483,Kara Tiller,ktillerde@rambler.ru,Female,Engineering,Professional Degree,1991-11-25,True,1,Low,Unsatisfactory,Advanced Excel Techniques,134374.4,remote work option,Company website,70000,91.96342857142857,No,,,,,Low
483,484,Gwenora Ferie,gferiedf@senate.gov,Female,Training,Bachelor's Degree,1999-07-24,True,4,High,Unsatisfactory,Project Management Fundamentals,139348.35,paid time off,Social media,55000,153.3606363636364,Yes,,,,,Low
484,485,Binky Rable,brabledg@cloudflare.com,Male,Engineering,PhD,2000-09-20,True,3,Low,Satisfactory,Customer Service Excellence,60201.59,professional development opportunities,Employee referral,75000,-19.73121333333334,Yes,,,,,Meet Expectation
485,486,Morissa Stutt,mstuttdh@dedecms.com,Female,Services,Bachelor's Degree,2008-10-28,True,4,Low,Average,Leadership Development Program,54383.64,company car,Employee referral,75000,-27.48848,No,,,,,Meet Expectation
486,487,Kenny Stansby,kstansbydi@unesco.org,Male,Sales,High School Diploma,1993-08-07,True,5,Low,Outstanding,Leadership Development Program,70088.39,remote work option,Social media,85000,-17.5430705882353,No,,,,,High
487,488,Juli Bubear,jbubeardj@blogtalkradio.com,Female,Product Management,High School Diploma,1985-03-23,False,5,Moderate,Exceptional,Project Management Fundamentals,99645.31,gym membership,Recruiter,85000,17.22977647058823,No,Contract ended,2002-01-03,Contract Expiration,Involuntary,High
488,489,Kristoforo Priddie,kpriddiedk@desdev.cn,Male,Support,Master's Degree,1983-07-12,False,2,Moderate,Outstanding,Project Management Fundamentals,53468.63,health insurance,Employee referral,55000,-2.784309090909096,Yes,Personal reasons,2006-10-08,Personal - Life Events,Voluntary,High
489,490,Cammy Domenichini,cdomenichinidl@is.gd,Male,Research and Development,Professional Degree,2010-06-27,True,2,Low,Outstanding,Leadership Development Program,120360.03,flexible work hours,Social media,95000,26.69476842105263,Yes,,,,,High
490,491,Rici Gentil,rgentildm@wikipedia.org,Female,Sales,Master's Degree,2003-08-17,True,3,High,Average,Cybersecurity Basics,59623.51,performance bonuses,Company website,55000,8.406381818181822,Yes,,,,,Meet Expectation
491,492,Dacy Aitchison,daitchisondn@ebay.co.uk,Female,Support,High School Diploma,2010-05-04,True,1,Low,Superior,Negotiation Skills Workshop,95384.89,health insurance,Recruiter,85000,12.21751764705882,Yes,,,,,High
492,493,Bernadine Sutherel,bsuthereldo@wufoo.com,Female,Legal,Master's Degree,1995-09-20,True,2,High,Good,Negotiation Skills Workshop,101920.42,company car,Recruiter,90000,13.24491111111111,No,,,,,Meet Expectation
493,494,Mitchael Danilishin,mdanilishindp@bandcamp.com,Male,Services,High School Diploma,2001-01-31,True,1,Low,Outstanding,Introduction to Data Science,54518.95,flexible work hours,Employee referral,50000,9.037899999999995,No,,,,,High
494,495,Osbourne Huntall,ohuntalldq@hostgator.com,Male,Research and Development,Professional Degree,1988-12-22,False,4,Low,Superior,Effective Communication Skills,68073.91,company car,Company website,75000,-9.234786666666665,No,Found a better opportunity,2008-10-08,Career & Compensation,Voluntary,High
495,496,Angelina Ganiford,aganiforddr@bizjournals.com,Female,Sales,Bachelor's Degree,2015-12-19,True,3,High,Good,Customer Service Excellence,120974.63,company car,Employee referral,50000,141.94926,No,,,,,Meet Expectation
496,497,Demetria Sawl,dsawlds@plala.or.jp,Female,Marketing,Professional Degree,1979-12-21,False,1,Low,Good,Effective Communication Skills,71191.72,remote work option,Company website,60000,18.65286666666667,Yes,Health reasons,2003-04-26,Personal - Life Events,Voluntary,Meet Expectation
497,498,Ignaz Tavernor,itavernordt@forbes.com,Male,Product Management,Master's Degree,2012-02-15,True,3,High,Exceptional,Leadership Development Program,105826.47,professional development opportunities,Recruiter,50000,111.65294,No,,,,,High
498,499,Ibby Knight,iknightdu@baidu.com,Female,Business Development,Bachelor's Degree,2001-02-22,True,4,High,Excellent,Negotiation Skills Workshop,78190.87,professional development opportunities,Company website,70000,11.70124285714285,Yes,,,,,High
499,500,Job Lyver,jlyverdv@cpanel.net,Male,Marketing,Master's Degree,2018-07-14,True,1,Low,Satisfactory,Project Management Fundamentals,117200.55,paid time off,Recruiter,70000,67.42935714285714,No,,,,,Meet Expectation
500,501,Bond Crowter,bcrowterdw@chron.com,Male,Legal,High School Diploma,1988-01-23,False,1,Moderate,Outstanding,Effective Communication Skills,56420.23,flexible work hours,Social media,55000,2.582236363636369,No,Career change,2014-09-14,Career & Compensation,Voluntary,High
501,502,Carolyne Sedgefield,csedgefielddx@eventbrite.com,Female,Services,Bachelor's Degree,1977-04-21,False,5,Moderate,Below Expectations,Leadership Development Program,101536.36,professional development opportunities,Recruiter,75000,35.38181333333333,Yes,Personal reasons,2008-05-14,Personal - Life Events,Voluntary,Low
502,503,Archambault Mensler,amenslerdy@scribd.com,Male,Legal,PhD,1997-08-03,False,4,Moderate,Below Expectations,Introduction to Data Science,130019.28,health insurance,Job board,50000,160.03856,Yes,Company downsizing,2020-07-29,Organizational Restructuring,Involuntary,Low
503,504,Amabelle McOnie,amconiedz@noaa.gov,Female,Business Development,Bachelor's Degree,2006-07-29,True,2,Moderate,Superior,Advanced Excel Techniques,50511.52,professional development opportunities,Recruiter,55000,-8.160872727272734,No,,,,,High
504,505,Errick Clell,eclelle0@printfriendly.com,Male,Engineering,Associate's Degree,1991-05-10,True,4,Low,Good,Digital Marketing Strategies,81757.19,health insurance,Recruiter,55000,48.64943636363637,Yes,,,,,Meet Expectation
505,506,Carlen Bachelor,cbachelore1@nifty.com,Female,Training,High School Diploma,2007-01-26,True,4,Low,Superior,Digital Marketing Strategies,66968.28,free snacks,Company website,75000,-10.70896,No,,,,,High
506,507,Zacharie Drysdell,zdrysdelle2@weather.com,Male,Accounting,PhD,1998-03-09,False,3,Low,Excellent,Effective Communication Skills,144094.73,remote work option,Job board,70000,105.8496142857143,No,Personal reasons,2020-04-02,Personal - Life Events,Voluntary,High
507,508,Donal Burder,dburdere3@home.pl,Male,Legal,Professional Degree,2001-09-08,True,2,Low,Outstanding,Leadership Development Program,98699.65,company car,Company website,75000,31.59953333333332,Yes,,,,,High
508,509,Kendra Losel,klosele4@sciencedirect.com,Female,Accounting,Master's Degree,1995-05-08,True,3,Low,Outstanding,Project Management Fundamentals,46203.37,company car,Employee referral,60000,-22.99438333333333,Yes,,,,,High
509,510,Edan Powles,epowlese5@weibo.com,Male,Research and Development,Master's Degree,1996-05-06,True,5,Moderate,Exceptional,Public Speaking Mastery,77981.32,gym membership,Recruiter,95000,-17.91439999999999,Yes,,,,,High
510,511,Corbie Kleen,ckleene6@dell.com,Male,Accounting,Associate's Degree,1999-08-24,False,3,High,Satisfactory,Public Speaking Mastery,74932.45,401k matching,Social media,80000,-6.334437500000003,Yes,Contract ended,2004-06-26,Contract Expiration,Involuntary,Meet Expectation
511,512,Deborah Iles,dilese7@symantec.com,Female,Accounting,Professional Degree,1996-08-04,True,3,Low,Good,Introduction to Data Science,106610.16,gym membership,Company website,55000,93.83665454545456,Yes,,,,,Meet Expectation
512,513,Mannie Magne,mmagnee8@paginegialle.it,Male,Accounting,Master's Degree,2007-06-03,True,2,Low,Superior,Customer Service Excellence,131545.34,health insurance,Recruiter,80000,64.431675,No,,,,,High
513,514,Sibley O'Kennavain,sokennavaine9@ifeng.com,Female,Training,Bachelor's Degree,1988-09-14,False,5,Moderate,Unsatisfactory,Advanced Excel Techniques,112871.59,remote work option,Employee referral,80000,41.0894875,Yes,Retirement,2003-03-20,Natural Attrition,Voluntary,Low
514,515,Cindie McLoughlin,cmcloughlinea@kickstarter.com,Female,Marketing,Bachelor's Degree,1991-07-31,True,5,High,Below Expectations,Advanced Excel Techniques,124816.01,remote work option,Recruiter,80000,56.02001249999999,Yes,,,,,Low
515,516,Dillon Quantick,dquantickeb@dyndns.org,Male,Legal,Associate's Degree,2006-05-25,True,3,Moderate,Superior,Negotiation Skills Workshop,114474.76,paid time off,Company website,65000,76.11501538461538,Yes,,,,,High
516,517,Bryant Courtier,bcourtierec@posterous.com,Male,Research and Development,PhD,2021-05-09,True,2,High,Below Expectations,Project Management Fundamentals,100818.6,401k matching,Company website,90000,12.02066666666667,No,,,,,Low
517,518,Warren Kyteley,wkyteleyed@liveinternet.ru,Male,Training,High School Diploma,2009-08-02,True,3,High,Unsatisfactory,Effective Communication Skills,112525.11,401k matching,Recruiter,60000,87.54185,No,,,,,Low
518,519,Bryce Kearney,bkearneyee@jugem.jp,Male,Services,Bachelor's Degree,1993-10-05,True,2,High,Outstanding,Advanced Excel Techniques,67902.3,remote work option,Company website,60000,13.1705,Yes,,,,,High
519,520,Lanie Kimbley,lkimbleyef@bing.com,Male,Sales,High School Diploma,2013-04-10,True,1,Low,Satisfactory,Public Speaking Mastery,80836.25,company car,Employee referral,75000,7.781666666666667,Yes,,,,,Meet Expectation
520,521,Cynthia Wiggans,cwigganseg@behance.net,Female,Services,Bachelor's Degree,2007-07-05,True,4,Moderate,Average,Cybersecurity Basics,62770.89,401k matching,Company website,65000,-3.429400000000001,Yes,,,,,Meet Expectation
521,522,Jarrid Featherstonhaugh,jfeatherstonhaugheh@hp.com,Male,Training,Professional Degree,2013-10-16,True,2,Low,Outstanding,Leadership Development Program,67791.26,professional development opportunities,Social media,75000,-9.61165333333334,No,,,,,High
522,523,Cherry Kersley,ckersleyei@yale.edu,Female,Marketing,Associate's Degree,1996-03-05,True,3,Moderate,Superior,Advanced Excel Techniques,116153.02,401k matching,Company website,65000,78.69695384615385,No,,,,,High
523,524,Ahmed Froude,afroudeej@pinterest.com,Male,Research and Development,High School Diploma,1990-04-04,True,3,Moderate,Average,Leadership Development Program,139583.02,performance bonuses,Social media,85000,64.21531764705881,Yes,,,,,Meet Expectation
524,525,Berkly McGahey,bmcgaheyek@wunderground.com,Male,Human Resources,Bachelor's Degree,2001-06-24,False,5,High,Below Expectations,Project Management Fundamentals,128467.55,company car,Recruiter,65000,97.64238461538464,Yes,Retirement,2010-01-15,Natural Attrition,Voluntary,Low
525,526,Deloris Bettlestone,dbettlestoneel@cargocollective.com,Female,Human Resources,Professional Degree,2013-04-26,True,1,High,Average,Cybersecurity Basics,56085.3,remote work option,Company website,50000,12.17060000000001,Yes,,,,,Meet Expectation
526,527,Trudy Tomicki,ttomickiem@house.gov,Female,Product Management,High School Diploma,1991-03-08,False,3,Low,Good,Effective Communication Skills,100192.9,health insurance,Company website,85000,17.87399999999999,Yes,Personal reasons,2012-11-12,Personal - Life Events,Voluntary,Meet Expectation
527,528,Christye McGeachy,cmcgeachyen@163.com,Female,Human Resources,Master's Degree,2001-09-06,False,5,Moderate,Excellent,Effective Communication Skills,146945.95,company car,Company website,70000,109.9227857142857,No,Found a better opportunity,2019-09-03,Career & Compensation,Voluntary,High
528,529,Hertha Parriss,hparrisseo@cloudflare.com,Female,Marketing,Bachelor's Degree,1996-02-28,True,2,Moderate,Excellent,Project Management Fundamentals,103704.18,free snacks,Job board,70000,48.14882857142856,No,,,,,High
529,530,Frants Endon,fendonep@imgur.com,Male,Sales,Professional Degree,1990-10-08,False,4,High,Outstanding,Cybersecurity Basics,89695.04,remote work option,Social media,90000,-0.3388444444444516,No,Retirement,2017-06-02,Natural Attrition,Voluntary,High
530,531,Wallis Maunton,wmauntoneq@google.de,Female,Sales,Professional Degree,2021-02-22,True,1,Low,Exceptional,Cybersecurity Basics,137908.67,professional development opportunities,Job board,60000,129.8477833333334,Yes,,,,,High
531,532,Evita Kemmet,ekemmeter@flickr.com,Female,Services,PhD,2001-05-22,False,1,Moderate,Satisfactory,Customer Service Excellence,137812.58,performance bonuses,Company website,50000,175.62516,No,Lack of growth opportunities,2013-12-24,Career & Compensation,Voluntary,Meet Expectation
532,533,Fredric Gason,fgasones@nationalgeographic.com,Male,Services,Master's Degree,2011-05-26,False,2,Moderate,Outstanding,Customer Service Excellence,43227.76,free snacks,Company website,80000,-45.9653,Yes,Relocation,2023-12-12,Personal - Life Events,Voluntary,High
533,534,Stephine Helin,shelinet@google.de,Female,Human Resources,Associate's Degree,2022-01-24,True,2,High,Superior,Introduction to Data Science,71214.48,paid time off,Job board,85000,-16.21825882352942,No,,,,,High
534,535,Evita Kuban,ekubaneu@so-net.ne.jp,Female,Product Management,Associate's Degree,2008-05-23,True,3,Low,Superior,Cybersecurity Basics,96926.59,free snacks,Company website,70000,38.46655714285714,Yes,,,,,High
535,536,Hamlen Schoular,hschoularev@ocn.ne.jp,Male,Engineering,Associate's Degree,2003-03-13,False,3,Moderate,Superior,Effective Communication Skills,68077.66,paid time off,Company website,70000,-2.746199999999995,Yes,Found a better opportunity,2016-01-04,Career & Compensation,Voluntary,High
536,537,Perry Iacovini,piacoviniew@smh.com.au,Female,Engineering,PhD,2007-12-17,False,5,Moderate,Needs Improvement,Advanced Excel Techniques,102223.18,flexible work hours,Job board,50000,104.44636,Yes,Personal reasons,2010-04-19,Personal - Life Events,Voluntary,Low
537,538,Milty Gerred,mgerredex@baidu.com,Male,Support,Professional Degree,2021-06-21,True,2,High,Needs Improvement,Introduction to Data Science,87302.88,health insurance,Recruiter,90000,-2.996799999999995,Yes,,,,,Low
538,539,Claresta Sutworth,csutworthey@usa.gov,Female,Product Management,PhD,2016-09-17,True,1,High,Excellent,Public Speaking Mastery,103778.82,401k matching,Social media,70000,48.25545714285715,No,,,,,High
539,540,Charmine Flannigan,cflanniganez@gizmodo.com,Female,Product Management,Associate's Degree,2005-08-05,True,4,High,Outstanding,Customer Service Excellence,130549.5,gym membership,Social media,95000,37.42052631578947,Yes,,,,,High
540,541,Jeanne Klehyn,jklehynf0@shareasale.com,Female,Human Resources,Associate's Degree,2020-12-04,True,3,Low,Outstanding,Customer Service Excellence,136202.02,company car,Social media,75000,81.60269333333332,No,,,,,High
541,542,Ava Alban,aalbanf1@blogtalkradio.com,Female,Product Management,Associate's Degree,2016-05-19,False,5,High,Average,Effective Communication Skills,46629.09,remote work option,Employee referral,70000,-33.38701428571429,No,Family commitments,2020-11-24,Personal - Life Events,Voluntary,Meet Expectation
542,543,Evin Philipsson,ephilipssonf2@symantec.com,Male,Research and Development,Professional Degree,2003-07-30,False,2,Moderate,Superior,Introduction to Data Science,77641.75,gym membership,Employee referral,90000,-13.73138888888889,Yes,Found a better opportunity,2021-07-02,Career & Compensation,Voluntary,High
543,544,Michail Caddell,mcaddellf3@accuweather.com,Male,Support,Associate's Degree,1998-11-28,True,2,Moderate,Unsatisfactory,Introduction to Data Science,100557.79,professional development opportunities,Employee referral,65000,54.70429230769229,No,,,,,Low
544,545,Jesse Jiruch,jjiruchf4@ftc.gov,Male,Marketing,High School Diploma,1993-06-03,True,4,High,Outstanding,Advanced Excel Techniques,66839.46,remote work option,Employee referral,85000,-21.36534117647058,No,,,,,High
545,546,Ame Najera,anajeraf5@samsung.com,Female,Engineering,PhD,2009-04-18,True,1,Moderate,Unsatisfactory,Leadership Development Program,72537.21,paid time off,Social media,80000,-9.328487499999992,Yes,,,,,Low
546,547,Dulcie Aseef,daseeff6@storify.com,Female,Marketing,Master's Degree,1990-07-03,True,4,Low,Below Expectations,Cybersecurity Basics,49985.27,company car,Employee referral,60000,-16.69121666666667,Yes,,,,,Low
547,548,Dean Mathiassen,dmathiassenf7@cornell.edu,Male,Training,Master's Degree,2017-03-25,True,4,High,Exceptional,Effective Communication Skills,51792.87,professional development opportunities,Social media,95000,-45.48118947368421,No,,,,,High
548,549,Lenna Haslegrave,lhaslegravef8@typepad.com,Female,Research and Development,High School Diploma,1993-09-11,False,4,Low,Outstanding,Effective Communication Skills,112467.81,paid time off,Job board,70000,60.6683,Yes,Lack of growth opportunities,2022-05-17,Career & Compensation,Voluntary,High
549,550,Lizbeth Tatlow,ltatlowf9@about.me,Female,Accounting,Professional Degree,2008-08-22,True,2,High,Good,Leadership Development Program,60581.46,company car,Job board,95000,-36.23004210526316,Yes,,,,,Meet Expectation
550,551,Inness Gillum,igillumfa@google.com.br,Male,Support,Bachelor's Degree,2017-12-31,True,3,High,Good,Project Management Fundamentals,78758.46,performance bonuses,Recruiter,55000,43.19720000000002,No,,,,,Meet Expectation
551,552,Alexandro Shoreman,ashoremanfb@wordpress.com,Male,Human Resources,Associate's Degree,2008-05-01,True,2,High,Needs Improvement,Negotiation Skills Workshop,46507.29,health insurance,Recruiter,80000,-41.8658875,Yes,,,,,Low
552,553,James Pelz,jpelzfc@ning.com,Male,Sales,Master's Degree,1992-08-24,True,2,High,Unsatisfactory,Leadership Development Program,43907.53,professional development opportunities,Employee referral,60000,-26.82078333333334,No,,,,,Low
553,554,Markos Foulstone,mfoulstonefd@a8.net,Male,Sales,Associate's Degree,2001-10-18,True,5,Low,Outstanding,Negotiation Skills Workshop,143293.27,401k matching,Recruiter,80000,79.1165875,No,,,,,High
554,555,Isaiah Kwiek,ikwiekfe@nih.gov,Male,Sales,Bachelor's Degree,1991-10-30,True,5,High,Outstanding,Cybersecurity Basics,87844.18,remote work option,Recruiter,55000,59.7166909090909,Yes,,,,,High
555,556,Nap Gowland,ngowlandff@nytimes.com,Male,Marketing,PhD,1977-10-04,False,5,High,Exceptional,Introduction to Data Science,63621.74,free snacks,Company website,80000,-20.472825,Yes,Lack of growth opportunities,2007-05-20,Career & Compensation,Voluntary,High
556,557,Donna Critzen,dcritzenfg@ocn.ne.jp,Female,Sales,High School Diploma,2005-12-10,True,1,High,Good,Digital Marketing Strategies,118115.48,paid time off,Recruiter,75000,57.48730666666666,Yes,,,,,Meet Expectation
557,558,Nanice Nurcombe,nnurcombefh@wufoo.com,Female,Product Management,Professional Degree,2021-11-04,True,2,Low,Unsatisfactory,Leadership Development Program,72723.45,flexible work hours,Recruiter,55000,32.22445454545454,No,,,,,Low
558,559,Isidoro Stopper,istopperfi@diigo.com,Male,Sales,High School Diploma,1990-11-10,False,4,Moderate,Good,Digital Marketing Strategies,42742.93,flexible work hours,Recruiter,75000,-43.00942666666667,No,Career change,2016-03-21,Career & Compensation,Voluntary,Meet Expectation
559,560,Tibold Astall,tastallfj@marriott.com,Male,Legal,Professional Degree,1994-04-16,False,1,Moderate,Outstanding,Public Speaking Mastery,71083.52,company car,Company website,80000,-11.14559999999999,Yes,Contract ended,2018-12-11,Contract Expiration,Involuntary,High
560,561,Malinde Beames,mbeamesfk@devhub.com,Female,Support,PhD,1990-05-23,False,4,Low,Good,Leadership Development Program,138517.1,flexible work hours,Recruiter,75000,84.68946666666668,Yes,Relocation,2017-04-21,Personal - Life Events,Voluntary,Meet Expectation
561,562,Mercedes Dobbings,mdobbingsfl@icq.com,Female,Legal,Associate's Degree,2002-06-27,False,1,Moderate,Outstanding,Cybersecurity Basics,119889.69,health insurance,Employee referral,60000,99.81615,Yes,Company downsizing,2007-08-17,Organizational Restructuring,Involuntary,High
562,563,Andrei Sturror,asturrorfm@live.com,Female,Product Management,High School Diploma,2001-02-17,True,5,Moderate,Needs Improvement,Leadership Development Program,52972.87,gym membership,Employee referral,85000,-37.67897647058823,Yes,,,,,Low
563,564,Timmi Novill,tnovillfn@nymag.com,Female,Engineering,High School Diploma,2023-07-05,True,4,High,Average,Effective Communication Skills,45983.55,company car,Employee referral,90000,-48.90716666666666,No,,,,,Meet Expectation
564,565,Lind Kiehne,lkiehnefo@amazon.com,Male,Product Management,Associate's Degree,1992-11-19,True,4,Moderate,Average,Advanced Excel Techniques,122778.03,gym membership,Job board,50000,145.55606,No,,,,,Meet Expectation
565,566,Jermaine Fordy,jfordyfp@mit.edu,Male,Accounting,PhD,2012-10-16,True,1,Low,Exceptional,Introduction to Data Science,103755.51,company car,Company website,70000,48.22215714285714,Yes,,,,,High
566,567,Hy Harly,hharlyfq@blinklist.com,Male,Services,Bachelor's Degree,2017-09-11,True,3,Low,Below Expectations,Project Management Fundamentals,100571.31,paid time off,Company website,60000,67.61885,Yes,,,,,Low
567,568,Rubin Churm,rchurmfr@goo.ne.jp,Male,Engineering,High School Diploma,2013-05-20,True,5,Low,Below Expectations,Customer Service Excellence,68328.83,performance bonuses,Recruiter,90000,-24.07907777777778,Yes,,,,,Low
568,569,Ray Lougheid,rlougheidfs@sohu.com,Male,Product Management,Bachelor's Degree,2004-11-19,False,3,High,Outstanding,Effective Communication Skills,45609.49,professional development opportunities,Company website,55000,-17.07365454545455,No,Family commitments,2015-06-04,Personal - Life Events,Voluntary,High
569,570,Wat Parell,wparellft@umn.edu,Male,Accounting,High School Diploma,2014-07-03,True,4,High,Needs Improvement,Leadership Development Program,146643.16,professional development opportunities,Company website,50000,193.28632,Yes,,,,,Low
570,571,Tabb Mohammad,tmohammadfu@jiathis.com,Male,Product Management,High School Diploma,2021-07-30,True,2,High,Satisfactory,Digital Marketing Strategies,102810.3,professional development opportunities,Recruiter,60000,71.35050000000001,No,,,,,Meet Expectation
571,572,Krishna Cattrell,kcattrellfv@hc360.com,Male,Legal,Associate's Degree,1990-03-27,True,5,High,Exceptional,Public Speaking Mastery,129757.53,paid time off,Social media,95000,36.58687368421052,No,,,,,High
572,573,Hiram Chazotte,hchazottefw@soundcloud.com,Male,Human Resources,High School Diploma,2009-12-24,False,3,High,Outstanding,Introduction to Data Science,92961.87,professional development opportunities,Employee referral,90000,3.290966666666661,Yes,Retirement,2023-04-05,Natural Attrition,Voluntary,High
573,574,Linus McLinden,lmclindenfx@wix.com,Male,Training,Bachelor's Degree,1996-09-17,False,3,Moderate,Below Expectations,Project Management Fundamentals,52935.56,health insurance,Job board,90000,-41.18271111111112,No,Health reasons,2019-05-12,Personal - Life Events,Voluntary,Low
574,575,Egan Pounsett,epounsettfy@last.fm,Male,Training,High School Diploma,1992-10-24,True,3,High,Below Expectations,Effective Communication Skills,84466.4,health insurance,Recruiter,75000,12.62186666666666,Yes,,,,,Low
575,576,Micheal Rigeby,mrigebyfz@microsoft.com,Male,Training,Bachelor's Degree,1984-11-18,False,4,High,Unsatisfactory,Customer Service Excellence,84784.54,paid time off,Employee referral,85000,-0.253482352941184,Yes,Retirement,2012-07-16,Natural Attrition,Voluntary,Low
576,577,Meridith Board,mboardg0@soup.io,Female,Support,Associate's Degree,2010-10-22,True,1,Low,Outstanding,Customer Service Excellence,131991.27,free snacks,Company website,55000,139.9841272727272,Yes,,,,,High
577,578,Gerrard Moseby,gmosebyg1@ibm.com,Male,Marketing,High School Diploma,2003-10-23,True,4,Moderate,Good,Public Speaking Mastery,78611.53,paid time off,Employee referral,70000,12.30218571428571,Yes,,,,,Meet Expectation
578,579,Duane Enston,denstong2@apache.org,Male,Business Development,PhD,1999-04-12,False,3,High,Average,Negotiation Skills Workshop,132752.2,performance bonuses,Recruiter,55000,141.3676363636364,No,Found a better opportunity,2023-03-04,Career & Compensation,Voluntary,Meet Expectation
579,580,Nicky Sauvain,nsauvaing3@answers.com,Female,Accounting,High School Diploma,2011-03-11,True,5,Low,Average,Customer Service Excellence,80665.28,free snacks,Job board,75000,7.553706666666665,Yes,,,,,Meet Expectation
580,581,Dietrich Augustus,daugustusg4@themeforest.net,Male,Human Resources,Associate's Degree,1999-11-16,True,5,Moderate,Good,Project Management Fundamentals,74626.22,company car,Job board,55000,35.68403636363637,No,,,,,Meet Expectation
581,582,Tally Doppler,tdopplerg5@statcounter.com,Female,Support,Bachelor's Degree,2002-11-12,False,5,Moderate,Unsatisfactory,Digital Marketing Strategies,126651.68,performance bonuses,Employee referral,65000,94.84873846153845,Yes,Company downsizing,2023-05-23,Organizational Restructuring,Involuntary,Low
582,583,Marchelle Rameaux,mrameauxg6@nasa.gov,Female,Engineering,Master's Degree,1995-06-06,True,1,High,Outstanding,Effective Communication Skills,66748.6,401k matching,Social media,85000,-21.47223529411764,Yes,,,,,High
583,584,Erinn Caress,ecaressg7@adobe.com,Female,Training,High School Diploma,2000-09-09,False,1,Moderate,Unsatisfactory,Public Speaking Mastery,102860.28,gym membership,Company website,70000,46.94325714285714,Yes,Relocation,2006-11-26,Personal - Life Events,Voluntary,Low
584,585,Danyelle McCaffrey,dmccaffreyg8@redcross.org,Female,Marketing,Professional Degree,1995-08-23,True,5,High,Below Expectations,Cybersecurity Basics,102657.4,performance bonuses,Company website,85000,20.77341176470588,Yes,,,,,Low
585,586,Merwyn Alvy,malvyg9@webnode.com,Male,Research and Development,PhD,2002-04-22,False,1,High,Satisfactory,Public Speaking Mastery,145154.31,professional development opportunities,Social media,50000,190.30862,Yes,Family commitments,2008-06-11,Personal - Life Events,Voluntary,Meet Expectation
586,587,Rolando Carleman,rcarlemanga@exblog.jp,Male,Marketing,Professional Degree,1998-03-28,False,3,Low,Average,Leadership Development Program,95432.03,professional development opportunities,Job board,65000,46.81850769230769,No,Found a better opportunity,2002-06-19,Career & Compensation,Voluntary,Meet Expectation
587,588,Anna-diana Brandom,abrandomgb@prlog.org,Female,Legal,Master's Degree,2018-09-03,True,2,Moderate,Superior,Advanced Excel Techniques,63223.74,company car,Social media,70000,-9.680371428571432,Yes,,,,,High
588,589,Burg Moon,bmoongc@walmart.com,Male,Marketing,Associate's Degree,1980-02-20,False,2,High,Superior,Negotiation Skills Workshop,48382.94,flexible work hours,Job board,60000,-19.36176666666666,No,Contract ended,2004-11-30,Contract Expiration,Involuntary,High
589,590,Ebenezer Trouncer,etrouncergd@flickr.com,Male,Training,Bachelor's Degree,1997-09-14,True,3,High,Average,Public Speaking Mastery,132386.62,professional development opportunities,Recruiter,90000,47.09624444444444,No,,,,,Meet Expectation
590,591,Pennie O'Shee,posheege@fda.gov,Male,Human Resources,Bachelor's Degree,2009-11-02,False,5,High,Superior,Customer Service Excellence,54489.5,gym membership,Recruiter,70000,-22.15785714285714,Yes,Found a better opportunity,2013-11-05,Career & Compensation,Voluntary,High
591,592,Orran Gatherell,ogatherellgf@auda.org.au,Male,Research and Development,Bachelor's Degree,1992-08-27,True,2,High,Average,Project Management Fundamentals,128534.94,paid time off,Company website,65000,97.74606153846152,No,,,,,Meet Expectation
592,593,Mikkel Iglesiaz,miglesiazgg@slashdot.org,Male,Support,Professional Degree,2013-07-16,False,4,Moderate,Excellent,Project Management Fundamentals,42114.02,company car,Social media,85000,-50.45409411764707,No,Contract ended,2021-12-25,Contract Expiration,Involuntary,High
593,594,Dino Mawtus,dmawtusgh@qq.com,Male,Sales,Associate's Degree,2007-02-06,True,4,Low,Below Expectations,Effective Communication Skills,61394.12,professional development opportunities,Social media,60000,2.323533333333338,Yes,,,,,Low
594,595,Agnola Furlonge,afurlongegi@livejournal.com,Female,Training,PhD,2008-01-14,True,4,Moderate,Needs Improvement,Leadership Development Program,48576.16,paid time off,Company website,90000,-46.02648888888888,Yes,,,,,Low
595,596,Sylvan Bollon,sbollongj@networksolutions.com,Male,Sales,High School Diploma,2016-08-08,True,4,Low,Average,Public Speaking Mastery,124562.71,gym membership,Job board,60000,107.6045166666667,No,,,,,Meet Expectation
596,597,Griz Tointon,gtointongk@1und1.de,Male,Support,Bachelor's Degree,2003-08-13,False,1,Moderate,Outstanding,Advanced Excel Techniques,84808.48,health insurance,Company website,75000,13.07797333333333,Yes,Lack of growth opportunities,2017-09-21,Career & Compensation,Voluntary,High
597,598,Tallia Puden,tpudengl@freewebs.com,Female,Legal,Professional Degree,2000-08-07,False,3,High,Below Expectations,Cybersecurity Basics,104678.04,gym membership,Company website,65000,61.04313846153845,No,Family commitments,2007-06-02,Personal - Life Events,Voluntary,Low
598,599,Darda Gerant,dgerantgm@cbsnews.com,Female,Human Resources,High School Diploma,1993-02-13,False,1,High,Needs Improvement,Effective Communication Skills,112708.87,company car,Employee referral,60000,87.84811666666666,No,Found a better opportunity,2019-08-05,Career & Compensation,Voluntary,Low
599,600,Walsh Birtwistle,wbirtwistlegn@myspace.com,Male,Business Development,PhD,2004-03-03,True,2,Low,Below Expectations,Digital Marketing Strategies,83286.75,gym membership,Recruiter,80000,4.1084375,Yes,,,,,Low
600,601,Jerrilyn Nayer,jnayergo@mtv.com,Female,Sales,PhD,2004-09-07,True,1,Moderate,Superior,Project Management Fundamentals,64294.47,performance bonuses,Social media,55000,16.89903636363637,Yes,,,,,High
601,602,Rickard Robbel,rrobbelgp@hibu.com,Male,Product Management,High School Diploma,1991-07-06,True,1,High,Average,Advanced Excel Techniques,116260.56,gym membership,Employee referral,65000,78.8624,No,,,,,Meet Expectation
602,603,Edmon Bonus,ebonusgq@acquirethisname.com,Male,Support,PhD,1997-01-24,True,1,High,Needs Improvement,Advanced Excel Techniques,102784.11,gym membership,Job board,90000,14.20456666666667,No,,,,,Low
603,604,Rodolph Wettern,rwetterngr@ca.gov,Male,Product Management,Bachelor's Degree,2013-09-27,True,4,High,Average,Customer Service Excellence,86577.85,401k matching,Recruiter,85000,1.856294117647066,No,,,,,Meet Expectation
604,605,Jacintha Mearns,jmearnsgs@artisteer.com,Female,Engineering,Master's Degree,2012-11-11,True,1,High,Excellent,Leadership Development Program,49875.45,gym membership,Job board,80000,-37.6556875,Yes,,,,,High
605,606,Lyndsie Feltham,lfelthamgt@sphinn.com,Female,Engineering,Associate's Degree,2005-04-05,False,2,High,Outstanding,Advanced Excel Techniques,64721.05,paid time off,Employee referral,75000,-13.70526666666666,No,Found a better opportunity,2019-01-19,Career & Compensation,Voluntary,High
606,607,Pate Grange,pgrangegu@51.la,Male,Sales,Professional Degree,2007-09-03,True,1,Moderate,Excellent,Leadership Development Program,84062.05,remote work option,Job board,60000,40.10341666666667,No,,,,,High
607,608,Matilde Forbes,mforbesgv@wix.com,Female,Legal,High School Diploma,2005-04-09,False,4,Moderate,Outstanding,Introduction to Data Science,46769.88,company car,Recruiter,60000,-22.0502,No,Contract ended,2020-10-19,Contract Expiration,Involuntary,High
608,609,Nye Corragan,ncorragangw@goo.gl,Male,Legal,Bachelor's Degree,2019-11-01,True,2,High,Unsatisfactory,Introduction to Data Science,77909.49,performance bonuses,Recruiter,70000,11.29927142857144,Yes,,,,,Low
609,610,Fanni Le Fevre,flegx@hatena.ne.jp,Female,Legal,PhD,2013-05-07,True,4,Low,Excellent,Project Management Fundamentals,94400.47,gym membership,Company website,50000,88.80094000000001,No,,,,,High
610,611,Walker Cashman,wcashmangy@who.int,Male,Human Resources,High School Diploma,2014-09-10,True,3,High,Outstanding,Public Speaking Mastery,114818.14,professional development opportunities,Recruiter,80000,43.522675,No,,,,,High
611,612,Travis Sreenan,tsreenangz@google.nl,Male,Marketing,Master's Degree,1999-11-17,False,2,Moderate,Average,Cybersecurity Basics,98542.43,free snacks,Employee referral,55000,79.16805454545454,No,Personal reasons,2011-03-05,Personal - Life Events,Voluntary,Meet Expectation
612,613,Nels Petters,npettersh0@bravesites.com,Male,Product Management,Associate's Degree,2003-10-22,False,4,Low,Outstanding,Advanced Excel Techniques,42156.65,health insurance,Employee referral,95000,-55.62457894736842,Yes,Relocation,2012-10-17,Personal - Life Events,Voluntary,High
613,614,Greta Saket,gsaketh1@blog.com,Female,Human Resources,Master's Degree,1995-06-15,True,1,Moderate,Excellent,Customer Service Excellence,40151.76,gym membership,Employee referral,55000,-26.9968,No,,,,,High
614,615,Barclay Jachimiak,bjachimiakh2@cnbc.com,Male,Research and Development,Master's Degree,2013-06-09,True,1,Moderate,Below Expectations,Advanced Excel Techniques,47787.95,performance bonuses,Social media,55000,-13.11281818181819,Yes,,,,,Low
615,616,Berny Pears,bpearsh3@newsvine.com,Male,Support,Professional Degree,2008-10-07,True,4,High,Outstanding,Effective Communication Skills,103389.95,gym membership,Recruiter,50000,106.7799,No,,,,,High
616,617,Shirline Sertin,ssertinh4@ustream.tv,Female,Legal,Professional Degree,2011-03-13,True,5,High,Unsatisfactory,Negotiation Skills Workshop,135318.23,paid time off,Company website,75000,80.42430666666668,Yes,,,,,Low
617,618,Gwennie Alexsandrowicz,galexsandrowiczh5@myspace.com,Female,Marketing,High School Diploma,2008-08-13,False,5,High,Superior,Public Speaking Mastery,96594.56,free snacks,Employee referral,60000,60.99093333333333,Yes,Career change,2021-02-19,Career & Compensation,Voluntary,High
618,619,Franz Gajownik,fgajownikh6@berkeley.edu,Male,Research and Development,Master's Degree,2018-03-01,True,3,Moderate,Good,Advanced Excel Techniques,118692.58,free snacks,Social media,75000,58.25677333333334,Yes,,,,,Meet Expectation
619,620,Lodovico Turbitt,lturbitth7@wp.com,Male,Human Resources,Professional Degree,2012-05-08,False,4,Moderate,Unsatisfactory,Public Speaking Mastery,96913.96,free snacks,Social media,90000,7.682177777777785,No,Career change,2023-03-09,Career & Compensation,Voluntary,Low
620,621,Vanda Barnson,vbarnsonh8@hubpages.com,Female,Sales,High School Diploma,1988-05-20,False,5,Low,Needs Improvement,Advanced Excel Techniques,125522.11,company car,Employee referral,80000,56.9026375,No,Lack of growth opportunities,2003-12-31,Career & Compensation,Voluntary,Low
621,622,Rik Abotson,rabotsonh9@tuttocitta.it,Male,Legal,PhD,2003-11-06,False,3,High,Unsatisfactory,Cybersecurity Basics,84323.58,performance bonuses,Job board,90000,-6.307133333333331,No,Career change,2009-05-24,Career & Compensation,Voluntary,Low
622,623,Sim Pointer,spointerha@symantec.com,Male,Support,Master's Degree,2010-05-03,True,1,Low,Superior,Digital Marketing Strategies,93039.01,401k matching,Employee referral,80000,16.2987625,No,,,,,High
623,624,Kathrine Benardette,kbenardettehb@europa.eu,Female,Business Development,High School Diploma,2007-07-12,False,5,Moderate,Excellent,Effective Communication Skills,94628.47,paid time off,Company website,80000,18.2855875,Yes,Retirement,2022-05-29,Natural Attrition,Voluntary,High
624,625,Anna Mucklow,amucklowhc@sphinn.com,Female,Legal,Bachelor's Degree,2011-07-06,True,5,High,Below Expectations,Effective Communication Skills,103061.58,health insurance,Employee referral,55000,87.3846909090909,Yes,,,,,Low
625,626,Jamil Muro,jmurohd@github.io,Male,Human Resources,High School Diploma,1991-02-08,True,2,Moderate,Good,Digital Marketing Strategies,123356.25,company car,Employee referral,90000,37.0625,Yes,,,,,Meet Expectation
626,627,Shirline Hawkeridge,shawkeridgehe@businesswire.com,Female,Engineering,Bachelor's Degree,1980-07-06,False,3,Low,Average,Negotiation Skills Workshop,101047.31,company car,Employee referral,90000,12.27478888888889,No,Found a better opportunity,2004-06-12,Career & Compensation,Voluntary,Meet Expectation
627,628,Nari Rebillard,nrebillardhf@nasa.gov,Female,Training,Bachelor's Degree,1989-08-23,False,4,Low,Needs Improvement,Negotiation Skills Workshop,99434.95,professional development opportunities,Recruiter,65000,52.97684615384615,Yes,Company downsizing,2003-06-30,Organizational Restructuring,Involuntary,Low
628,629,Drusi Vevers,dvevershg@twitter.com,Female,Training,Professional Degree,1994-04-04,False,4,Low,Unsatisfactory,Public Speaking Mastery,139476.53,professional development opportunities,Employee referral,95000,46.8174,No,Retirement,2008-08-18,Natural Attrition,Voluntary,Low
629,630,Charin Fivey,cfiveyhh@boston.com,Female,Business Development,Bachelor's Degree,2012-11-12,True,4,High,Below Expectations,Advanced Excel Techniques,136193.44,company car,Company website,50000,172.38688,No,,,,,Low
630,631,Flossi Lancastle,flancastlehi@comsenz.com,Female,Support,Bachelor's Degree,1997-12-09,True,4,Low,Satisfactory,Advanced Excel Techniques,57049.76,remote work option,Recruiter,85000,-32.88263529411765,No,,,,,Meet Expectation
631,632,Hastie Dunklee,hdunkleehj@reference.com,Male,Marketing,PhD,1992-06-05,True,3,High,Below Expectations,Public Speaking Mastery,134289.65,professional development opportunities,Company website,85000,57.98782352941176,Yes,,,,,Low
632,633,Terencio Spencers,tspencershk@ibm.com,Male,Engineering,Associate's Degree,2011-06-02,False,2,Low,Unsatisfactory,Advanced Excel Techniques,82057.57,health insurance,Job board,80000,2.571962500000009,No,Health reasons,2020-10-04,Personal - Life Events,Voluntary,Low
633,634,Conrado Stoeck,cstoeckhl@howstuffworks.com,Male,Product Management,Bachelor's Degree,2017-08-18,True,1,Low,Unsatisfactory,Advanced Excel Techniques,139370.97,flexible work hours,Employee referral,70000,99.10138571428573,Yes,,,,,Low
634,635,Laurie Mozzetti,lmozzettihm@plala.or.jp,Male,Product Management,Bachelor's Degree,2021-06-19,True,4,High,Superior,Effective Communication Skills,48573.22,free snacks,Social media,85000,-42.85503529411764,No,,,,,High
635,636,Martino Chawkley,mchawkleyhn@thetimes.co.uk,Male,Research and Development,Master's Degree,2004-07-04,True,3,High,Below Expectations,Customer Service Excellence,111663.09,401k matching,Social media,90000,24.0701,No,,,,,Low
636,637,Bendix Kendal,bkendalho@php.net,Male,Accounting,PhD,2004-04-04,False,4,Moderate,Exceptional,Customer Service Excellence,98225.32,professional development opportunities,Employee referral,50000,96.45064,Yes,Company downsizing,2019-08-24,Organizational Restructuring,Involuntary,High
637,638,Ediva McGinn,emcginnhp@japanpost.jp,Female,Human Resources,Associate's Degree,2014-06-08,True,5,Moderate,Superior,Leadership Development Program,139287.43,performance bonuses,Company website,90000,54.7638111111111,Yes,,,,,High
638,639,Edi Cordall,ecordallhq@bing.com,Female,Legal,Master's Degree,2005-12-07,True,1,High,Below Expectations,Advanced Excel Techniques,112276.65,performance bonuses,Employee referral,85000,32.09017647058823,Yes,,,,,Low
639,640,Matilde Pottes,mpotteshr@wisc.edu,Female,Training,Professional Degree,2013-04-12,True,5,High,Unsatisfactory,Cybersecurity Basics,71554.45,paid time off,Employee referral,75000,-4.594066666666671,No,,,,,Low
640,641,Barris Rapin,brapinhs@networkadvertising.org,Male,Services,Master's Degree,1994-03-17,False,3,High,Exceptional,Leadership Development Program,138607.6,remote work option,Company website,90000,54.00844444444445,No,Found a better opportunity,2009-02-04,Career & Compensation,Voluntary,High
641,642,Maurizia Braznell,mbraznellht@usnews.com,Female,Research and Development,Associate's Degree,2003-02-13,True,5,Low,Unsatisfactory,Project Management Fundamentals,89127.01,health insurance,Employee referral,80000,11.40876249999999,No,,,,,Low
642,643,Marieann Crimp,mcrimphu@hp.com,Female,Business Development,PhD,1993-05-16,True,4,High,Exceptional,Leadership Development Program,66498.25,401k matching,Social media,95000,-30.00184210526316,No,,,,,High
643,644,Jakob Cumpton,jcumptonhv@gmpg.org,Male,Research and Development,Associate's Degree,2020-01-31,True,5,Moderate,Exceptional,Introduction to Data Science,40074.31,paid time off,Job board,95000,-57.81651578947369,Yes,,,,,High
644,645,Zach Feldman,zfeldmanhw@china.com.cn,Male,Research and Development,PhD,1989-09-12,False,4,High,Unsatisfactory,Effective Communication Skills,46713.95,performance bonuses,Recruiter,75000,-37.71473333333334,No,Personal reasons,2017-06-24,Personal - Life Events,Voluntary,Low
645,646,Godwin Donati,gdonatihx@cnn.com,Male,Human Resources,PhD,1998-03-18,True,3,Low,Excellent,Project Management Fundamentals,77908.04,health insurance,Company website,80000,-2.614950000000008,Yes,,,,,High
646,647,Toddy Arrighetti,tarrighettihy@google.es,Male,Sales,High School Diploma,2008-01-07,True,5,High,Average,Effective Communication Skills,124331.05,health insurance,Job board,65000,91.27853846153846,No,,,,,Meet Expectation
647,648,Ofelia Kintish,okintishhz@smh.com.au,Female,Accounting,PhD,1996-01-02,True,4,High,Satisfactory,Advanced Excel Techniques,71401.48,flexible work hours,Recruiter,95000,-24.84054736842106,No,,,,,Meet Expectation
648,649,Laurence Blundan,lblundani0@vinaora.com,Male,Accounting,Professional Degree,2004-03-07,True,5,Low,Satisfactory,Project Management Fundamentals,76481.66,gym membership,Employee referral,60000,27.46943333333334,Yes,,,,,Meet Expectation
649,650,Patricia Rosenqvist,prosenqvisti1@wordpress.com,Female,Services,Associate's Degree,2008-11-12,True,1,Moderate,Needs Improvement,Advanced Excel Techniques,76191.48,paid time off,Job board,85000,-10.36296470588236,Yes,,,,,Low
650,651,Wolfie Dallicoat,wdallicoati2@booking.com,Male,Legal,Professional Degree,1983-09-16,False,1,High,Below Expectations,Leadership Development Program,139529.55,paid time off,Company website,90000,55.03283333333332,Yes,Contract ended,2012-12-11,Contract Expiration,Involuntary,Low
651,652,Tristam Lusted,tlustedi3@businesswire.com,Male,Research and Development,High School Diploma,2001-01-11,False,2,Moderate,Needs Improvement,Digital Marketing Strategies,140045.83,free snacks,Social media,55000,154.6287818181818,Yes,Health reasons,2015-06-16,Personal - Life Events,Voluntary,Low
652,653,Cindra Trobe,ctrobei4@desdev.cn,Female,Training,Professional Degree,2021-05-01,True,3,High,Needs Improvement,Project Management Fundamentals,78033.41,flexible work hours,Company website,50000,56.06682000000001,No,,,,,Low
653,654,Lauren Mitchely,lmitchelyi5@prnewswire.com,Male,Research and Development,Bachelor's Degree,2017-06-07,True,4,High,Needs Improvement,Effective Communication Skills,72000.09,performance bonuses,Company website,80000,-9.999887500000003,Yes,,,,,Low
654,655,Eric Toop,etoopi6@hp.com,Male,Support,High School Diploma,2014-08-17,True,4,High,Superior,Project Management Fundamentals,93344.62,remote work option,Recruiter,90000,3.71624444444444,Yes,,,,,High
655,656,Vittorio Lainton,vlaintoni7@hp.com,Male,Marketing,High School Diploma,1995-05-29,True,2,Low,Average,Public Speaking Mastery,120450.6,401k matching,Employee referral,60000,100.751,No,,,,,Meet Expectation
656,657,Gusti Dailey,gdaileyi8@hibu.com,Female,Product Management,PhD,2001-08-30,True,4,Moderate,Average,Advanced Excel Techniques,136483.9,401k matching,Employee referral,95000,43.66726315789473,Yes,,,,,Meet Expectation
657,658,Johny Lere,jlerei9@nba.com,Male,Services,Bachelor's Degree,1997-12-27,False,5,High,Satisfactory,Advanced Excel Techniques,53932.44,401k matching,Recruiter,75000,-28.09007999999999,No,Health reasons,2023-05-23,Personal - Life Events,Voluntary,Meet Expectation
658,659,Zita Austins,zaustinsia@twitpic.com,Female,Engineering,Associate's Degree,2014-09-23,False,3,Low,Superior,Cybersecurity Basics,52241.43,company car,Company website,70000,-25.36938571428571,Yes,Family commitments,2016-05-05,Personal - Life Events,Voluntary,High
659,660,Hurley Bradden,hbraddenib@merriam-webster.com,Male,Marketing,Professional Degree,2015-08-25,True,3,Low,Average,Effective Communication Skills,83945.14,company car,Job board,90000,-6.727622222222222,No,,,,,Meet Expectation
660,661,Alaine Batterson,abattersonic@about.com,Female,Marketing,Professional Degree,2006-12-26,False,4,Moderate,Needs Improvement,Customer Service Excellence,117181.36,401k matching,Company website,80000,46.4767,Yes,Contract ended,2015-02-25,Contract Expiration,Involuntary,Low
661,662,Louie Spinetti,lspinettiid@bbc.co.uk,Male,Product Management,Associate's Degree,1994-11-24,False,3,High,Needs Improvement,Customer Service Excellence,90696.02,free snacks,Job board,55000,64.90185454545455,No,Company downsizing,2022-02-06,Organizational Restructuring,Involuntary,Low
662,663,Kelsi Fendt,kfendtie@huffingtonpost.com,Female,Marketing,PhD,2020-01-14,True,1,High,Good,Cybersecurity Basics,66173.33,401k matching,Social media,80000,-17.2833375,No,,,,,Meet Expectation
663,664,Tate Wilcher,twilcherif@xrea.com,Female,Marketing,Professional Degree,2010-01-11,False,4,High,Outstanding,Introduction to Data Science,115752.33,401k matching,Social media,50000,131.50466,Yes,Company downsizing,2021-03-04,Organizational Restructuring,Involuntary,High
664,665,Louie Thickins,lthickinsig@gizmodo.com,Male,Research and Development,Associate's Degree,2014-08-28,True,4,Low,Needs Improvement,Introduction to Data Science,132289.3,professional development opportunities,Social media,95000,39.25189473684209,No,,,,,Low
665,666,Joyous Prebble,jprebbleih@google.de,Female,Engineering,Associate's Degree,1999-10-31,True,3,Moderate,Below Expectations,Leadership Development Program,68412.25,health insurance,Employee referral,75000,-8.783666666666665,Yes,,,,,Low
666,667,Adan Raffeorty,araffeortyii@auda.org.au,Female,Support,Associate's Degree,2005-05-23,False,1,Moderate,Average,Leadership Development Program,47850.21,gym membership,Employee referral,75000,-36.19972,Yes,Personal reasons,2024-01-07,Personal - Life Events,Voluntary,Meet Expectation
667,668,Pat Scotchmore,pscotchmoreij@prlog.org,Female,Marketing,High School Diploma,1997-09-23,True,5,Low,Outstanding,Digital Marketing Strategies,79577.14,paid time off,Job board,60000,32.62856666666666,Yes,,,,,High
668,669,Loree Overbury,loverburyik@arstechnica.com,Female,Sales,PhD,1993-02-19,False,5,Moderate,Satisfactory,Leadership Development Program,118660.74,free snacks,Social media,85000,39.6008705882353,No,Retirement,2024-01-14,Natural Attrition,Voluntary,Meet Expectation
669,670,Alexia Whatling,awhatlingil@pinterest.com,Female,Research and Development,Master's Degree,1996-05-22,True,3,Moderate,Below Expectations,Advanced Excel Techniques,109413.36,gym membership,Social media,60000,82.3556,Yes,,,,,Low
670,671,Bride Nanninini,bnannininiim@biblegateway.com,Female,Legal,Bachelor's Degree,2013-07-23,True,3,Low,Below Expectations,Leadership Development Program,97746.22,performance bonuses,Social media,90000,8.606911111111112,No,,,,,Low
671,672,Shermy Thebe,sthebein@wisc.edu,Male,Marketing,High School Diploma,1994-06-23,True,2,Low,Outstanding,Project Management Fundamentals,110829.04,flexible work hours,Employee referral,70000,58.32719999999999,No,,,,,High
672,673,Gordon Sumsion,gsumsionio@blinklist.com,Male,Business Development,Bachelor's Degree,2015-03-23,True,5,Low,Good,Project Management Fundamentals,52595.51,free snacks,Job board,55000,-4.371799999999997,Yes,,,,,Meet Expectation
673,674,Neron Cradduck,ncradduckip@guardian.co.uk,Male,Accounting,Master's Degree,1998-01-12,True,1,Moderate,Satisfactory,Cybersecurity Basics,77365.78,professional development opportunities,Recruiter,60000,28.94296666666666,No,,,,,Meet Expectation
674,675,Alida Aps,aapsiq@slideshare.net,Female,Legal,Associate's Degree,2001-09-01,True,5,Low,Satisfactory,Leadership Development Program,96673.28,performance bonuses,Company website,75000,28.89770666666667,Yes,,,,,Meet Expectation
675,676,Elnar Burbudge,eburbudgeir@github.com,Male,Product Management,Bachelor's Degree,2010-10-22,False,2,Moderate,Excellent,Negotiation Skills Workshop,81929.76,health insurance,Social media,80000,2.412199999999994,Yes,Company downsizing,2022-09-29,Organizational Restructuring,Involuntary,High
676,677,Nicole Daveridge,ndaveridgeis@myspace.com,Female,Marketing,PhD,2015-05-17,True,2,Moderate,Exceptional,Leadership Development Program,128189.77,health insurance,Job board,85000,50.81149411764706,No,,,,,High
677,678,Annora Pietzker,apietzkerit@go.com,Female,Product Management,Professional Degree,2008-04-16,True,1,Moderate,Outstanding,Digital Marketing Strategies,113395.5,remote work option,Social media,65000,74.45461538461538,Yes,,,,,High
678,679,Shem Pledger,spledgeriu@macromedia.com,Male,Legal,Associate's Degree,1977-03-01,False,2,Moderate,Unsatisfactory,Customer Service Excellence,122870.55,401k matching,Recruiter,50000,145.7411,No,Contract ended,2007-08-17,Contract Expiration,Involuntary,Low
679,680,Rosalinde Playhill,rplayhilliv@si.edu,Female,Human Resources,PhD,1983-06-18,False,5,High,Good,Public Speaking Mastery,113879.63,401k matching,Employee referral,95000,19.87329473684211,No,Company downsizing,2009-12-02,Organizational Restructuring,Involuntary,Meet Expectation
680,681,Rey McCloid,rmccloidiw@networkadvertising.org,Female,Engineering,Master's Degree,2011-05-26,True,1,High,Superior,Digital Marketing Strategies,119014.0,performance bonuses,Social media,95000,25.2778947368421,No,,,,,High
681,682,Eileen McCard,emccardix@paypal.com,Female,Marketing,Master's Degree,1992-07-29,True,3,Moderate,Outstanding,Advanced Excel Techniques,104019.38,remote work option,Job board,65000,60.02981538461539,No,,,,,High
682,683,Rodolph Gabala,rgabalaiy@instagram.com,Male,Sales,PhD,2012-05-09,True,3,High,Excellent,Project Management Fundamentals,53460.74,performance bonuses,Employee referral,75000,-28.71901333333334,Yes,,,,,High
683,684,Mureil Baistow,mbaistowiz@4shared.com,Female,Sales,Master's Degree,1997-05-15,False,4,Low,Below Expectations,Digital Marketing Strategies,91856.09,free snacks,Employee referral,70000,31.22298571428571,Yes,Relocation,2019-12-14,Personal - Life Events,Voluntary,Low
684,685,Brose Waulker,bwaulkerj0@alexa.com,Male,Business Development,Associate's Degree,2014-06-01,True,2,Low,Superior,Effective Communication Skills,114607.32,remote work option,Company website,75000,52.80976,No,,,,,High
685,686,Rosene Baggs,rbaggsj1@engadget.com,Female,Sales,Associate's Degree,1987-04-14,False,4,Low,Below Expectations,Negotiation Skills Workshop,125005.06,professional development opportunities,Social media,70000,78.57865714285714,No,Found a better opportunity,2008-09-06,Career & Compensation,Voluntary,Low
686,687,Cyrill Ruoss,cruossj2@yellowpages.com,Male,Product Management,Bachelor's Degree,1989-11-05,False,1,High,Average,Cybersecurity Basics,144143.72,health insurance,Company website,60000,140.2395333333334,No,Contract ended,2004-12-28,Contract Expiration,Involuntary,Meet Expectation
687,688,Perry Wildash,pwildashj3@gmpg.org,Female,Support,Professional Degree,1998-12-03,True,4,Moderate,Below Expectations,Negotiation Skills Workshop,111280.8,health insurance,Company website,65000,71.20123076923078,Yes,,,,,Low
688,689,Hadlee Bestall,hbestallj4@utexas.edu,Male,Accounting,PhD,2009-02-22,True,2,Low,Satisfactory,Effective Communication Skills,127498.01,professional development opportunities,Job board,95000,34.20843157894736,Yes,,,,,Meet Expectation
689,690,Boycey Paskell,bpaskellj5@mozilla.com,Male,Engineering,High School Diploma,1997-11-13,True,1,High,Outstanding,Customer Service Excellence,103709.31,company car,Social media,75000,38.27908,No,,,,,High
690,691,Alessandro Baldacco,abaldaccoj6@elpais.com,Male,Accounting,Master's Degree,2002-03-08,True,3,Moderate,Below Expectations,Cybersecurity Basics,131428.76,free snacks,Recruiter,50000,162.85752,Yes,,,,,Low
691,692,Melania Shillaber,mshillaberj7@ox.ac.uk,Female,Accounting,Master's Degree,2019-01-04,False,4,Moderate,Excellent,Advanced Excel Techniques,45963.9,free snacks,Job board,90000,-48.929,Yes,Relocation,2023-09-17,Personal - Life Events,Voluntary,High
692,693,Mitchael Bownd,mbowndj8@webmd.com,Male,Services,Associate's Degree,2001-02-17,True,3,High,Excellent,Cybersecurity Basics,144053.65,flexible work hours,Recruiter,65000,121.621,Yes,,,,,High
693,694,Waylon Roelofs,wroelofsj9@usatoday.com,Male,Services,Bachelor's Degree,1982-05-19,False,4,Moderate,Unsatisfactory,Public Speaking Mastery,149250.38,health insurance,Recruiter,50000,198.50076,Yes,Personal reasons,2010-07-20,Personal - Life Events,Voluntary,Low
694,695,Kaiser Vobes,kvobesja@wikia.com,Male,Sales,Professional Degree,2002-06-15,False,2,High,Excellent,Leadership Development Program,75141.2,paid time off,Employee referral,55000,36.62036363636363,No,Company downsizing,2023-04-15,Organizational Restructuring,Involuntary,High
695,696,Ram Morrid,rmorridjb@nasa.gov,Male,Business Development,Professional Degree,2004-04-19,True,1,Moderate,Average,Advanced Excel Techniques,78771.52,flexible work hours,Recruiter,50000,57.54304000000001,No,,,,,Meet Expectation
696,697,Jakob Haughin,jhaughinjc@ihg.com,Male,Product Management,Bachelor's Degree,1997-10-01,True,4,Low,Average,Customer Service Excellence,127768.27,company car,Employee referral,50000,155.53654,Yes,,,,,Meet Expectation
697,698,Hadrian Pischoff,hpischoffjd@1688.com,Male,Sales,Bachelor's Degree,1997-12-28,False,5,Low,Unsatisfactory,Digital Marketing Strategies,95531.23,gym membership,Company website,50000,91.06246,Yes,Retirement,2022-01-18,Natural Attrition,Voluntary,Low
698,699,Ingelbert Gounel,igounelje@i2i.jp,Male,Support,PhD,2005-03-20,True,3,Low,Excellent,Public Speaking Mastery,142844.13,professional development opportunities,Job board,75000,90.45884,Yes,,,,,High
699,700,Samuele Rickersy,srickersyjf@amazon.de,Male,Services,Associate's Degree,1996-12-11,False,2,Low,Good,Advanced Excel Techniques,116061.42,401k matching,Employee referral,70000,65.80202857142858,No,Personal reasons,2023-09-23,Personal - Life Events,Voluntary,Meet Expectation
700,701,Lorry Dendon,ldendonjg@scientificamerican.com,Male,Engineering,Associate's Degree,2010-09-14,True,2,Moderate,Outstanding,Leadership Development Program,56467.84,health insurance,Job board,80000,-29.4152,No,,,,,High
701,702,Karin Tampion,ktampionjh@naver.com,Female,Business Development,Professional Degree,1993-09-01,True,5,Moderate,Satisfactory,Introduction to Data Science,42957.26,health insurance,Social media,50000,-14.08548,Yes,,,,,Meet Expectation
702,703,Winni Caswall,wcaswallji@ocn.ne.jp,Female,Support,Professional Degree,1996-04-18,False,4,High,Below Expectations,Advanced Excel Techniques,67885.48,professional development opportunities,Recruiter,60000,13.14246666666666,No,Personal reasons,2014-02-23,Personal - Life Events,Voluntary,Low
703,704,Charleen Giottini,cgiottinijj@issuu.com,Female,Engineering,High School Diploma,1981-06-01,False,2,Moderate,Outstanding,Advanced Excel Techniques,89532.48,performance bonuses,Employee referral,85000,5.332329411764701,Yes,Family commitments,2007-01-24,Personal - Life Events,Voluntary,High
704,705,Doti Stemson,dstemsonjk@bandcamp.com,Female,Training,Professional Degree,1992-09-02,True,1,Low,Unsatisfactory,Introduction to Data Science,116742.38,remote work option,Employee referral,50000,133.48476,No,,,,,Low
705,706,Glenn Barford,gbarfordjl@flickr.com,Female,Services,Bachelor's Degree,2002-02-14,True,3,Moderate,Good,Advanced Excel Techniques,129780.05,401k matching,Social media,50000,159.5601,No,,,,,Meet Expectation
706,707,Frans Brydon,fbrydonjm@stanford.edu,Male,Marketing,Master's Degree,1997-01-28,False,5,High,Exceptional,Negotiation Skills Workshop,101193.9,company car,Social media,95000,6.519894736842099,No,Lack of growth opportunities,2023-04-17,Career & Compensation,Voluntary,High
707,708,Patrizio Minogue,pminoguejn@cbslocal.com,Male,Sales,PhD,1996-08-17,True,1,High,Exceptional,Digital Marketing Strategies,61098.94,company car,Recruiter,55000,11.08898181818182,No,,,,,High
708,709,Evita Divill,edivilljo@jugem.jp,Female,Product Management,Professional Degree,2004-04-20,True,1,Low,Satisfactory,Leadership Development Program,147585.33,flexible work hours,Recruiter,75000,96.78043999999998,No,,,,,Meet Expectation
709,710,Hercules O'Lenechan,holenechanjp@usnews.com,Male,Business Development,Professional Degree,2009-07-06,False,1,Moderate,Below Expectations,Digital Marketing Strategies,60267.33,401k matching,Social media,80000,-24.6658375,No,Contract ended,2020-12-04,Contract Expiration,Involuntary,Low
710,711,Booth Assiter,bassiterjq@lycos.com,Male,Human Resources,PhD,2014-04-08,True,4,Low,Superior,Effective Communication Skills,99966.79,health insurance,Job board,65000,53.79506153846153,Yes,,,,,High
711,712,Jarad Graalmans,jgraalmansjr@posterous.com,Male,Engineering,PhD,1987-12-03,False,1,Moderate,Good,Advanced Excel Techniques,41994.52,paid time off,Employee referral,60000,-30.00913333333334,No,Personal reasons,2010-08-15,Personal - Life Events,Voluntary,Meet Expectation
712,713,Berget Stevenson,bstevensonjs@statcounter.com,Female,Research and Development,Professional Degree,1999-10-18,True,5,High,Average,Negotiation Skills Workshop,126498.96,performance bonuses,Recruiter,85000,48.82230588235295,No,,,,,Meet Expectation
713,714,Concordia Bohling,cbohlingjt@businessweek.com,Female,Marketing,Master's Degree,1998-12-18,True,5,Low,Exceptional,Project Management Fundamentals,83909.19,company car,Company website,65000,29.09106153846154,Yes,,,,,High
714,715,Fenelia Legges,fleggesju@miibeian.gov.cn,Female,Marketing,High School Diploma,2011-02-27,True,2,Moderate,Excellent,Advanced Excel Techniques,91027.04,health insurance,Job board,70000,30.03862857142856,Yes,,,,,High
715,716,Vanda Tunuy,vtunuyjv@sakura.ne.jp,Female,Research and Development,High School Diploma,2005-06-11,True,3,High,Needs Improvement,Advanced Excel Techniques,118149.64,remote work option,Social media,65000,81.76867692307692,No,,,,,Low
716,717,Vanni Higgonet,vhiggonetjw@state.tx.us,Female,Business Development,Associate's Degree,1985-01-15,False,3,Moderate,Superior,Public Speaking Mastery,116353.3,paid time off,Recruiter,90000,29.28144444444445,Yes,Found a better opportunity,2015-03-11,Career & Compensation,Voluntary,High
717,718,Lombard Schouthede,lschouthedejx@globo.com,Male,Research and Development,Associate's Degree,2012-03-12,True,2,High,Average,Effective Communication Skills,130840.73,gym membership,Job board,60000,118.0678833333333,No,,,,,Meet Expectation
718,719,Renata Dutton,rduttonjy@latimes.com,Female,Product Management,Bachelor's Degree,2019-10-06,True,2,Moderate,Outstanding,Effective Communication Skills,42694.03,401k matching,Job board,50000,-14.61194,Yes,,,,,High
719,720,Markos Gooderridge,mgooderridgejz@deviantart.com,Male,Business Development,PhD,2002-02-04,True,5,Low,Below Expectations,Customer Service Excellence,95994.54,flexible work hours,Social media,80000,19.99317499999999,No,,,,,Low
720,721,Trina Becraft,tbecraftk0@howstuffworks.com,Female,Product Management,Master's Degree,2008-01-12,True,4,Moderate,Excellent,Effective Communication Skills,100565.5,health insurance,Social media,80000,25.706875,Yes,,,,,High
721,722,Hortense Pember,hpemberk1@aboutads.info,Female,Support,High School Diploma,1994-09-12,False,3,High,Average,Digital Marketing Strategies,54451.82,401k matching,Recruiter,90000,-39.49797777777778,No,Retirement,2019-05-05,Natural Attrition,Voluntary,Meet Expectation
722,723,Wallache Hould,whouldk2@seattletimes.com,Male,Marketing,High School Diploma,1998-04-08,True,4,High,Good,Advanced Excel Techniques,136717.58,company car,Company website,70000,95.31082857142856,No,,,,,Meet Expectation
723,724,Adolpho Campana,acampanak3@123-reg.co.uk,Male,Services,Professional Degree,1986-05-28,False,5,Moderate,Below Expectations,Advanced Excel Techniques,123308.16,health insurance,Social media,60000,105.5136,Yes,Family commitments,2006-11-06,Personal - Life Events,Voluntary,Low
724,725,Juliette Dabney,jdabneyk4@pbs.org,Female,Training,Professional Degree,2003-10-11,True,2,Moderate,Outstanding,Effective Communication Skills,131823.68,paid time off,Social media,70000,88.31954285714285,Yes,,,,,High
725,726,Liuka Andriesse,landriessek5@desdev.cn,Female,Support,Bachelor's Degree,1997-04-03,True,2,High,Satisfactory,Digital Marketing Strategies,87898.76,health insurance,Employee referral,60000,46.49793333333332,No,,,,,Meet Expectation
726,727,Fabien Burthom,fburthomk6@seattletimes.com,Male,Engineering,Master's Degree,1995-05-17,True,2,High,Average,Leadership Development Program,140991.08,company car,Company website,55000,156.3474181818182,No,,,,,Meet Expectation
727,728,Maybelle Blomfield,mblomfieldk7@slideshare.net,Female,Sales,Master's Degree,1998-08-31,True,4,Moderate,Below Expectations,Public Speaking Mastery,80528.21,company car,Recruiter,85000,-5.260929411764699,Yes,,,,,Low
728,729,Belicia Bortoli,bbortolik8@diigo.com,Female,Training,Associate's Degree,2012-02-11,True,1,Moderate,Unsatisfactory,Negotiation Skills Workshop,71574.2,remote work option,Job board,75000,-4.567733333333337,Yes,,,,,Low
729,730,Ardisj Agneau,aagneauk9@census.gov,Female,Accounting,Professional Degree,2021-09-13,True,4,Low,Exceptional,Introduction to Data Science,121264.03,health insurance,Recruiter,80000,51.5800375,No,,,,,High
730,731,Sascha Sipson,ssipsonka@typepad.com,Male,Engineering,PhD,1998-07-16,False,3,Low,Below Expectations,Introduction to Data Science,73158.45,professional development opportunities,Social media,65000,12.55146153846153,No,Personal reasons,2017-02-11,Personal - Life Events,Voluntary,Low
731,732,Marlo McCauley,mmccauleykb@taobao.com,Female,Training,High School Diploma,2003-09-12,True,2,Low,Outstanding,Project Management Fundamentals,43114.24,performance bonuses,Recruiter,85000,-49.27736470588236,No,,,,,High
732,733,Monti Woloschin,mwoloschinkc@mashable.com,Male,Services,Bachelor's Degree,2006-05-24,True,1,High,Satisfactory,Introduction to Data Science,69138.07,performance bonuses,Social media,65000,6.36626153846155,Yes,,,,,Meet Expectation
733,734,Erhard Sonier,esonierkd@multiply.com,Male,Services,Bachelor's Degree,1993-12-11,False,3,Moderate,Good,Public Speaking Mastery,77804.76,401k matching,Social media,55000,41.46319999999999,Yes,Health reasons,2014-02-13,Personal - Life Events,Voluntary,Meet Expectation
734,735,Gaston MacCrann,gmaccrannke@jiathis.com,Male,Support,High School Diploma,2020-08-25,True,5,Moderate,Good,Digital Marketing Strategies,94543.59,401k matching,Social media,65000,45.45167692307692,No,,,,,Meet Expectation
735,736,Corie Habbal,chabbalkf@cam.ac.uk,Female,Human Resources,Bachelor's Degree,2016-04-20,False,2,Low,Exceptional,Negotiation Skills Workshop,128308.71,company car,Company website,85000,50.95142352941178,No,Personal reasons,2024-02-01,Personal - Life Events,Voluntary,High
736,737,Rey Kroch,rkrochkg@blinklist.com,Male,Marketing,Bachelor's Degree,1995-07-30,True,2,Moderate,Outstanding,Effective Communication Skills,103513.94,free snacks,Employee referral,95000,8.96204210526316,Yes,,,,,High
737,738,Douglas Bunhill,dbunhillkh@google.co.uk,Male,Engineering,Master's Degree,2014-05-26,True,4,Low,Superior,Customer Service Excellence,89010.97,flexible work hours,Job board,55000,61.83812727272727,No,,,,,High
738,739,Hilario Eggar,heggarki@thetimes.co.uk,Male,Research and Development,High School Diploma,2010-08-13,False,5,Moderate,Superior,Introduction to Data Science,82878.24,professional development opportunities,Recruiter,95000,-12.75974736842105,Yes,Family commitments,2017-04-02,Personal - Life Events,Voluntary,High
739,740,Deny Bernardt,dbernardtkj@redcross.org,Female,Research and Development,Associate's Degree,2022-06-28,True,2,High,Below Expectations,Cybersecurity Basics,89165.29,flexible work hours,Job board,90000,-0.9274555555555626,No,,,,,Low
740,741,Georgiana Cyples,gcypleskk@bloglines.com,Female,Training,Bachelor's Degree,1999-12-17,True,5,Moderate,Unsatisfactory,Public Speaking Mastery,44499.98,gym membership,Employee referral,55000,-19.09094545454545,No,,,,,Low
741,742,Margaretha Wixey,mwixeykl@globo.com,Female,Research and Development,Professional Degree,2019-07-13,True,2,Moderate,Satisfactory,Negotiation Skills Workshop,123263.37,health insurance,Recruiter,65000,89.63595384615384,Yes,,,,,Meet Expectation
742,743,Ernesto Reeken,ereekenkm@blog.com,Male,Training,Associate's Degree,2007-10-12,False,2,Low,Superior,Effective Communication Skills,138417.54,flexible work hours,Employee referral,55000,151.6682545454546,No,Career change,2015-05-07,Career & Compensation,Voluntary,High
743,744,Cecelia Crafter,ccrafterkn@edublogs.org,Female,Product Management,PhD,1979-05-17,False,1,Moderate,Outstanding,Effective Communication Skills,90624.98,free snacks,Employee referral,55000,64.7726909090909,No,Health reasons,2002-05-02,Personal - Life Events,Voluntary,High
744,745,Annabelle Tuke,atukeko@dot.gov,Female,Research and Development,Bachelor's Degree,2010-07-21,True,2,High,Exceptional,Cybersecurity Basics,114229.82,performance bonuses,Recruiter,90000,26.92202222222223,Yes,,,,,High
745,746,Brenda Goodliff,bgoodliffkp@github.io,Female,Sales,High School Diploma,2002-10-21,True,4,Low,Excellent,Negotiation Skills Workshop,120511.07,flexible work hours,Employee referral,90000,33.9011888888889,No,,,,,High
746,747,Way Greggersen,wgreggersenkq@mac.com,Male,Sales,Associate's Degree,2021-01-08,True,2,Low,Superior,Public Speaking Mastery,101574.73,paid time off,Recruiter,65000,56.26881538461538,No,,,,,High
747,748,Kristina Chalfain,kchalfainkr@themeforest.net,Female,Accounting,PhD,2021-01-18,True,4,Low,Superior,Introduction to Data Science,115764.77,flexible work hours,Company website,90000,28.62752222222223,No,,,,,High
748,749,Evered Rustedge,erustedgeks@businesswire.com,Male,Business Development,Professional Degree,2005-01-26,True,1,High,Good,Digital Marketing Strategies,74542.89,health insurance,Job board,80000,-6.821387500000001,No,,,,,Meet Expectation
749,750,Timothea Wroughton,twroughtonkt@bluehost.com,Female,Marketing,Master's Degree,1995-08-05,False,2,Low,Superior,Digital Marketing Strategies,64932.12,health insurance,Job board,65000,-0.1044307692307652,No,Family commitments,2023-04-06,Personal - Life Events,Voluntary,High
750,751,Belicia Bonder,bbonderku@rakuten.co.jp,Female,Services,Master's Degree,2016-09-04,False,3,Moderate,Satisfactory,Digital Marketing Strategies,44894.96,paid time off,Recruiter,80000,-43.8813,No,Family commitments,2019-04-24,Personal - Life Events,Voluntary,Meet Expectation
751,752,Bary Toyne,btoynekv@latimes.com,Male,Marketing,Associate's Degree,2023-07-12,True,2,Moderate,Unsatisfactory,Cybersecurity Basics,149064.61,remote work option,Social media,60000,148.4410166666667,No,,,,,Low
752,753,Thurston Skewes,tskeweskw@disqus.com,Male,Marketing,PhD,2006-05-24,False,1,High,Satisfactory,Customer Service Excellence,78777.31,company car,Social media,95000,-17.07651578947369,Yes,Found a better opportunity,2015-07-15,Career & Compensation,Voluntary,Meet Expectation
753,754,Taite Iacoviello,tiacoviellokx@gov.uk,Male,Research and Development,Master's Degree,2019-02-12,True,2,Moderate,Good,Project Management Fundamentals,85301.28,performance bonuses,Company website,90000,-5.220800000000001,No,,,,,Meet Expectation
754,755,Hendrik Matyushenko,hmatyushenkoky@ted.com,Male,Business Development,Associate's Degree,2006-02-10,True,2,Moderate,Exceptional,Customer Service Excellence,137359.94,professional development opportunities,Job board,90000,52.62215555555556,Yes,,,,,High
755,756,Angel Pablo,apablokz@e-recht24.de,Female,Accounting,Associate's Degree,2010-12-20,True,5,High,Satisfactory,Public Speaking Mastery,117973.64,professional development opportunities,Job board,60000,96.62273333333331,No,,,,,Meet Expectation
756,757,Lucias Sargant,lsargantl0@acquirethisname.com,Male,Business Development,PhD,2009-12-16,True,2,Low,Exceptional,Effective Communication Skills,47258.43,performance bonuses,Employee referral,55000,-14.07558181818182,Yes,,,,,High
757,758,Kelila Dives,kdivesl1@clickbank.net,Female,Sales,Professional Degree,2004-02-18,True,5,High,Average,Negotiation Skills Workshop,114593.83,health insurance,Job board,80000,43.2422875,Yes,,,,,Meet Expectation
758,759,Elijah Perrin,eperrinl2@nydailynews.com,Male,Product Management,Professional Degree,2000-08-08,True,5,Moderate,Superior,Customer Service Excellence,146669.05,performance bonuses,Job board,85000,72.55182352941175,Yes,,,,,High
759,760,Ettie Abelevitz,eabelevitzl3@nifty.com,Female,Services,Bachelor's Degree,2012-04-17,True,4,Moderate,Satisfactory,Customer Service Excellence,145280.04,paid time off,Job board,60000,142.1334,Yes,,,,,Meet Expectation
760,761,Virge Colliar,vcolliarl4@naver.com,Male,Training,Associate's Degree,1989-08-23,False,5,Moderate,Superior,Effective Communication Skills,52340.08,free snacks,Company website,65000,-19.4768,No,Found a better opportunity,2019-03-28,Career & Compensation,Voluntary,High
761,762,Tymon Sivorn,tsivornl5@home.pl,Male,Services,PhD,1988-12-31,False,3,High,Satisfactory,Customer Service Excellence,104372.43,free snacks,Social media,80000,30.46553749999999,No,Found a better opportunity,2018-10-15,Career & Compensation,Voluntary,Meet Expectation
762,763,Jasen Goodlake,jgoodlakel6@flavors.me,Male,Product Management,Associate's Degree,2006-12-14,True,3,Low,Exceptional,Introduction to Data Science,137783.32,remote work option,Recruiter,60000,129.6388666666667,Yes,,,,,High
763,764,Jaquelyn Sailor,jsailorl7@shutterfly.com,Female,Human Resources,Associate's Degree,2001-07-17,True,4,Low,Unsatisfactory,Public Speaking Mastery,68153.51,gym membership,Employee referral,65000,4.851553846153838,No,,,,,Low
764,765,Julius Birrell,jbirrelll8@cocolog-nifty.com,Male,Training,Master's Degree,2012-11-02,True,4,Moderate,Good,Cybersecurity Basics,96486.74,401k matching,Employee referral,90000,7.207488888888895,Yes,,,,,Meet Expectation
765,766,Aimee Joule,ajoulel9@fda.gov,Female,Legal,Associate's Degree,1999-04-26,False,3,High,Good,Public Speaking Mastery,127332.33,health insurance,Social media,90000,41.48036666666667,No,Contract ended,2023-07-28,Contract Expiration,Involuntary,Meet Expectation
766,767,Urson Brassington,ubrassingtonla@washingtonpost.com,Male,Marketing,High School Diploma,2015-04-21,True,4,High,Superior,Cybersecurity Basics,125818.02,professional development opportunities,Job board,90000,39.7978,No,,,,,High
767,768,Tana Alexandrou,talexandroulb@gravatar.com,Female,Sales,Bachelor's Degree,1999-09-25,True,1,Low,Outstanding,Digital Marketing Strategies,142106.35,gym membership,Recruiter,80000,77.63293750000001,No,,,,,High
768,769,Hercules Lavington,hlavingtonlc@lulu.com,Male,Support,Associate's Degree,1999-04-01,True,1,Moderate,Average,Customer Service Excellence,80489.34,remote work option,Social media,90000,-10.5674,Yes,,,,,Meet Expectation
769,770,Fonz Skittles,fskittlesld@technorati.com,Male,Marketing,PhD,2008-03-12,True,3,High,Needs Improvement,Effective Communication Skills,60887.17,free snacks,Social media,70000,-13.01832857142858,Yes,,,,,Low
770,771,Anderson Lathey,alatheyle@gov.uk,Male,Business Development,Associate's Degree,2023-11-04,True,5,Low,Average,Public Speaking Mastery,107112.04,performance bonuses,Recruiter,85000,26.01416470588235,Yes,,,,,Meet Expectation
771,772,Thebault Wyrill,twyrilllf@booking.com,Male,Research and Development,Professional Degree,1993-03-05,True,5,High,Good,Customer Service Excellence,96909.04,performance bonuses,Recruiter,60000,61.51506666666665,No,,,,,Meet Expectation
772,773,Opal Shalloe,oshalloelg@wiley.com,Female,Accounting,Professional Degree,2003-07-15,True,3,Low,Average,Project Management Fundamentals,88006.15,performance bonuses,Social media,50000,76.01229999999998,Yes,,,,,Meet Expectation
773,774,Harbert Agastina,hagastinalh@tuttocitta.it,Male,Services,PhD,2016-11-16,True,2,Moderate,Needs Improvement,Project Management Fundamentals,96707.72,free snacks,Employee referral,55000,75.83221818181818,No,,,,,Low
774,775,Bronson Rikard,brikardli@ted.com,Male,Research and Development,PhD,1992-12-16,False,1,Low,Outstanding,Public Speaking Mastery,71851.39,remote work option,Recruiter,60000,19.75231666666667,Yes,Family commitments,2010-01-05,Personal - Life Events,Voluntary,High
775,776,Upton Mc Comb,umclj@upenn.edu,Male,Accounting,Master's Degree,2023-12-13,True,3,High,Excellent,Leadership Development Program,143462.63,free snacks,Recruiter,65000,120.7117384615385,Yes,,,,,High
776,777,Beitris Tsarovic,btsaroviclk@state.tx.us,Female,Support,Bachelor's Degree,1998-04-22,True,5,Low,Needs Improvement,Effective Communication Skills,56197.81,paid time off,Social media,60000,-6.336983333333338,Yes,,,,,Low
777,778,Terri-jo Keitch,tkeitchll@4shared.com,Female,Marketing,PhD,2000-11-27,True,5,Moderate,Below Expectations,Digital Marketing Strategies,53818.5,performance bonuses,Social media,50000,7.637,No,,,,,Low
778,779,Erroll Squirrell,esquirrelllm@yandex.ru,Male,Engineering,PhD,2016-06-02,False,4,Low,Good,Leadership Development Program,143390.67,performance bonuses,Company website,75000,91.18756000000002,No,Found a better opportunity,2021-11-27,Career & Compensation,Voluntary,Meet Expectation
779,780,Raffaello Bruckstein,rbrucksteinln@trellian.com,Male,Sales,Master's Degree,2004-12-23,True,4,High,Needs Improvement,Advanced Excel Techniques,65049.91,performance bonuses,Job board,65000,0.0767846153846207,No,,,,,Low
780,781,Kaleb McKenzie,kmckenzielo@issuu.com,Male,Services,PhD,1996-12-01,True,1,High,Excellent,Project Management Fundamentals,93546.32,remote work option,Recruiter,65000,43.9174153846154,Yes,,,,,High
781,782,Benedikt de Guerre,bdelp@sphinn.com,Male,Sales,PhD,2010-08-11,True,1,Moderate,Unsatisfactory,Digital Marketing Strategies,97599.23,gym membership,Employee referral,65000,50.15266153846153,Yes,,,,,Low
782,783,Talbert Stannislawski,tstannislawskilq@msu.edu,Male,Marketing,Associate's Degree,1993-09-18,True,3,Moderate,Average,Leadership Development Program,140737.37,401k matching,Recruiter,85000,65.57337647058823,No,,,,,Meet Expectation
783,784,Belvia Edlyne,bedlynelr@nps.gov,Female,Support,Bachelor's Degree,1990-09-05,True,1,High,Superior,Advanced Excel Techniques,117842.19,performance bonuses,Job board,60000,96.40365,No,,,,,High
784,785,Kristos Fearnall,kfearnallls@go.com,Male,Accounting,Associate's Degree,2023-04-08,True,5,High,Excellent,Customer Service Excellence,147598.3,free snacks,Recruiter,95000,55.36663157894736,No,,,,,High
785,786,Horacio Vlasov,hvlasovlt@ow.ly,Male,Training,Associate's Degree,1991-07-30,True,4,Low,Excellent,Digital Marketing Strategies,57137.82,professional development opportunities,Employee referral,60000,-4.770300000000001,Yes,,,,,High
786,787,Ruy Tearle,rtearlelu@cdbaby.com,Male,Support,Professional Degree,2004-04-29,True,2,Low,Unsatisfactory,Cybersecurity Basics,94575.42,performance bonuses,Social media,60000,57.6257,No,,,,,Low
787,788,Ilsa Finker,ifinkerlv@tuttocitta.it,Female,Engineering,High School Diploma,2015-12-13,False,5,Moderate,Good,Effective Communication Skills,108587.25,remote work option,Social media,95000,14.30236842105263,Yes,Retirement,2024-03-06,Natural Attrition,Voluntary,Meet Expectation
788,789,Freedman Poynton,fpoyntonlw@huffingtonpost.com,Male,Legal,Associate's Degree,1985-06-25,False,3,Low,Below Expectations,Digital Marketing Strategies,95471.32,401k matching,Job board,55000,73.5842181818182,Yes,Lack of growth opportunities,2003-02-21,Career & Compensation,Voluntary,Low
789,790,Osborn Guillford,oguillfordlx@ftc.gov,Male,Product Management,Associate's Degree,2023-04-09,True,5,High,Average,Advanced Excel Techniques,129260.46,professional development opportunities,Job board,75000,72.34728000000001,No,,,,,Meet Expectation
790,791,Tedman Caddie,tcaddiely@yandex.ru,Male,Sales,PhD,2005-05-23,True,2,Low,Excellent,Digital Marketing Strategies,132372.19,gym membership,Job board,65000,103.6495230769231,No,,,,,High
791,792,Chaddy Kynder,ckynderlz@cnet.com,Male,Training,Associate's Degree,2003-12-03,True,5,Moderate,Below Expectations,Effective Communication Skills,98088.12,401k matching,Social media,60000,63.4802,Yes,,,,,Low
792,793,Sybyl Brushneen,sbrushneenm0@amazonaws.com,Female,Accounting,Bachelor's Degree,2016-06-23,False,1,Moderate,Below Expectations,Cybersecurity Basics,88691.3,401k matching,Job board,80000,10.864125,No,Lack of growth opportunities,2020-01-20,Career & Compensation,Voluntary,Low
793,794,Steffie Brumby,sbrumbym1@slashdot.org,Female,Services,Bachelor's Degree,1996-07-12,True,3,High,Excellent,Cybersecurity Basics,42437.75,paid time off,Social media,55000,-22.84045454545454,No,,,,,High
794,795,Keen Merrilees,kmerrileesm2@house.gov,Male,Research and Development,High School Diploma,2013-05-19,True,3,Moderate,Superior,Cybersecurity Basics,142684.75,free snacks,Job board,55000,159.4268181818182,Yes,,,,,High
795,796,Corrie Mugglestone,cmugglestonem3@skype.com,Male,Marketing,Master's Degree,2011-01-26,True,1,High,Outstanding,Digital Marketing Strategies,108533.1,remote work option,Recruiter,85000,27.686,Yes,,,,,High
796,797,Floyd Jeanel,fjeanelm4@house.gov,Male,Accounting,Professional Degree,2003-07-04,False,3,Moderate,Superior,Cybersecurity Basics,118772.88,company car,Job board,50000,137.54576,Yes,Lack of growth opportunities,2023-09-16,Career & Compensation,Voluntary,High
797,798,Rossie Skottle,rskottlem5@census.gov,Male,Accounting,PhD,1991-01-11,True,4,Low,Needs Improvement,Introduction to Data Science,82005.1,paid time off,Job board,60000,36.67516666666668,Yes,,,,,Low
798,799,Hendrik Simla,hsimlam6@yellowbook.com,Male,Engineering,Associate's Degree,2017-12-06,True,4,Moderate,Good,Customer Service Excellence,131578.78,401k matching,Job board,75000,75.43837333333333,Yes,,,,,Meet Expectation
799,800,Suzanne Delves,sdelvesm7@e-recht24.de,Female,Support,Professional Degree,1994-05-22,True,3,Moderate,Superior,Effective Communication Skills,128200.86,gym membership,Recruiter,70000,83.14408571428572,No,,,,,High
800,801,Lew Skpsey,lskpseym8@utexas.edu,Male,Engineering,Bachelor's Degree,2017-01-07,True,1,Low,Good,Project Management Fundamentals,79390.8,gym membership,Company website,75000,5.854400000000004,No,,,,,Meet Expectation
801,802,Karlis Dorward,kdorwardm9@intel.com,Male,Engineering,PhD,2013-07-05,True,3,Low,Unsatisfactory,Project Management Fundamentals,113054.33,company car,Social media,75000,50.73910666666666,No,,,,,Low
802,803,Lawry Lagde,llagdema@ameblo.jp,Male,Training,Master's Degree,2005-07-13,True,5,Low,Good,Customer Service Excellence,55505.89,gym membership,Recruiter,80000,-30.6176375,Yes,,,,,Meet Expectation
803,804,Dion Jeavons,djeavonsmb@squarespace.com,Female,Legal,High School Diploma,2014-11-23,True,4,High,Outstanding,Advanced Excel Techniques,46310.71,performance bonuses,Employee referral,60000,-22.81548333333333,No,,,,,High
804,805,Steffie Pursehouse,spursehousemc@google.co.jp,Female,Support,Professional Degree,2022-12-31,True,2,High,Excellent,Project Management Fundamentals,49931.07,flexible work hours,Recruiter,55000,-9.216236363636364,No,,,,,High
805,806,Jamie Polleye,jpolleyemd@xing.com,Male,Marketing,Associate's Degree,2019-09-03,True,1,Moderate,Average,Advanced Excel Techniques,145908.92,company car,Social media,55000,165.2889454545455,No,,,,,Meet Expectation
806,807,Petey Brehat,pbrehatme@de.vu,Male,Business Development,Professional Degree,2018-05-18,True,4,Low,Average,Project Management Fundamentals,103371.32,remote work option,Social media,70000,47.6733142857143,No,,,,,Meet Expectation
807,808,Torre Buddock,tbuddockmf@theguardian.com,Male,Support,Associate's Degree,1985-05-02,False,1,High,Exceptional,Introduction to Data Science,107166.43,401k matching,Employee referral,55000,94.84805454545452,No,Personal reasons,2006-07-29,Personal - Life Events,Voluntary,High
808,809,Delmer Reddel,dreddelmg@slideshare.net,Male,Research and Development,Professional Degree,1999-04-10,False,5,Moderate,Needs Improvement,Leadership Development Program,100665.74,free snacks,Company website,95000,5.963936842105269,No,Retirement,2006-09-22,Natural Attrition,Voluntary,Low
809,810,Alyssa Hawksley,ahawksleymh@wired.com,Female,Sales,Professional Degree,2000-06-16,False,1,Low,Exceptional,Cybersecurity Basics,146533.01,free snacks,Social media,55000,166.4236545454546,No,Contract ended,2001-10-21,Contract Expiration,Involuntary,High
810,811,Dicky Jozaitis,djozaitismi@sina.com.cn,Male,Research and Development,Associate's Degree,1997-09-14,True,5,High,Unsatisfactory,Customer Service Excellence,113155.92,health insurance,Social media,90000,25.7288,No,,,,,Low
811,812,Remus Shitliffe,rshitliffemj@blinklist.com,Male,Human Resources,Professional Degree,1987-04-29,False,1,Moderate,Outstanding,Customer Service Excellence,57426.08,company car,Social media,85000,-32.43990588235294,Yes,Career change,2011-12-01,Career & Compensation,Voluntary,High
812,813,Phineas Adkins,padkinsmk@adobe.com,Male,Accounting,Professional Degree,2000-09-10,False,1,Moderate,Outstanding,Leadership Development Program,60676.77,remote work option,Social media,65000,-6.651123076923082,Yes,Company downsizing,2016-10-05,Organizational Restructuring,Involuntary,High
813,814,Daphene Antognelli,dantognelliml@wufoo.com,Female,Product Management,Professional Degree,2004-04-06,False,5,High,Exceptional,Digital Marketing Strategies,110164.09,free snacks,Job board,80000,37.70511249999999,No,Relocation,2013-09-24,Personal - Life Events,Voluntary,High
814,815,Ulrich Roper,uropermm@canalblog.com,Male,Human Resources,High School Diploma,2023-04-18,True,2,Moderate,Outstanding,Public Speaking Mastery,54922.16,remote work option,Company website,90000,-38.97537777777777,Yes,,,,,High
815,816,Tabbi Trillow,ttrillowmn@yellowbook.com,Female,Support,Associate's Degree,1992-04-15,True,2,Moderate,Average,Introduction to Data Science,103602.6,performance bonuses,Recruiter,60000,72.671,No,,,,,Meet Expectation
816,817,Gwynne Lideard,glideardmo@archive.org,Female,Marketing,Associate's Degree,2020-01-02,True,2,Low,Satisfactory,Leadership Development Program,149944.21,remote work option,Employee referral,65000,130.6834,Yes,,,,,Meet Expectation
817,818,Erich Hackworthy,ehackworthymp@bravesites.com,Male,Research and Development,PhD,2018-08-06,True,3,Low,Good,Digital Marketing Strategies,65957.55,flexible work hours,Recruiter,70000,-5.774928571428567,No,,,,,Meet Expectation
818,819,Rick Balthasar,rbalthasarmq@skyrock.com,Male,Accounting,High School Diploma,2001-12-18,True,5,Low,Below Expectations,Negotiation Skills Workshop,82306.75,free snacks,Job board,70000,17.58107142857143,Yes,,,,,Low
819,820,Glendon Woffinden,gwoffindenmr@pen.io,Male,Human Resources,Bachelor's Degree,2002-03-26,True,4,Low,Outstanding,Negotiation Skills Workshop,52477.08,flexible work hours,Company website,90000,-41.69213333333333,No,,,,,High
820,821,Ave Oury,aouryms@printfriendly.com,Male,Sales,Associate's Degree,1990-10-23,False,2,High,Needs Improvement,Customer Service Excellence,66863.25,paid time off,Recruiter,65000,2.866538461538461,Yes,Family commitments,2011-09-18,Personal - Life Events,Voluntary,Low
821,822,Felipa O'Neary,fonearymt@nps.gov,Female,Training,Associate's Degree,1983-06-24,False,5,High,Satisfactory,Customer Service Excellence,79492.95,health insurance,Job board,85000,-6.47888235294118,No,Found a better opportunity,2011-07-28,Career & Compensation,Voluntary,Meet Expectation
822,823,Van Fittall,vfittallmu@hc360.com,Female,Training,Bachelor's Degree,1993-12-26,True,2,High,Unsatisfactory,Cybersecurity Basics,147495.14,remote work option,Employee referral,90000,63.88348888888891,No,,,,,Low
823,824,Nelson Tills,ntillsmv@yahoo.com,Male,Sales,PhD,1995-09-01,True,3,Moderate,Outstanding,Negotiation Skills Workshop,59477.88,remote work option,Company website,70000,-15.0316,No,,,,,High
824,825,Hartwell Gockelen,hgockelenmw@addtoany.com,Male,Product Management,Associate's Degree,2011-11-28,True,2,Moderate,Superior,Advanced Excel Techniques,132247.71,gym membership,Social media,80000,65.3096375,Yes,,,,,High
825,826,Karrie Massard,kmassardmx@scientificamerican.com,Female,Support,High School Diploma,2001-07-17,False,1,Low,Good,Introduction to Data Science,111887.05,professional development opportunities,Company website,75000,49.18273333333334,No,Found a better opportunity,2011-04-25,Career & Compensation,Voluntary,Meet Expectation
826,827,Berky Tregenna,btregennamy@etsy.com,Male,Business Development,Master's Degree,1981-05-06,False,2,Low,Exceptional,Public Speaking Mastery,73147.7,401k matching,Company website,50000,46.29539999999999,No,Career change,2004-02-14,Career & Compensation,Voluntary,High
827,828,Verne Munkley,vmunkleymz@bloglines.com,Male,Training,Bachelor's Degree,1993-12-26,False,3,Low,Unsatisfactory,Introduction to Data Science,113410.19,performance bonuses,Recruiter,60000,89.01698333333333,No,Family commitments,2018-01-09,Personal - Life Events,Voluntary,Low
828,829,Wittie Crass,wcrassn0@sogou.com,Male,Sales,Associate's Degree,2000-10-09,True,1,Moderate,Excellent,Cybersecurity Basics,135679.22,performance bonuses,Social media,50000,171.35844,Yes,,,,,High
829,830,Nataline Aikett,naikettn1@google.nl,Female,Research and Development,Associate's Degree,2004-02-01,True,3,Low,Average,Effective Communication Skills,87204.76,remote work option,Company website,85000,2.593835294117641,Yes,,,,,Meet Expectation
830,831,Matthus Klawi,mklawin2@merriam-webster.com,Male,Business Development,Bachelor's Degree,1986-08-28,False,1,High,Good,Customer Service Excellence,135482.25,gym membership,Employee referral,60000,125.80375,No,Family commitments,2014-08-25,Personal - Life Events,Voluntary,Meet Expectation
831,832,Jamal Grieswood,jgrieswoodn3@artisteer.com,Male,Support,Bachelor's Degree,1991-04-03,False,4,High,Outstanding,Introduction to Data Science,74052.55,gym membership,Job board,75000,-1.263266666666663,Yes,Retirement,2006-08-10,Natural Attrition,Voluntary,High
832,833,Jasmine Gorden,jgordenn4@icio.us,Female,Engineering,High School Diploma,1993-02-02,True,3,High,Below Expectations,Introduction to Data Science,43965.02,paid time off,Employee referral,50000,-12.06996000000001,Yes,,,,,Low
833,834,Jacquette Selesnick,jselesnickn5@hubpages.com,Female,Support,Master's Degree,1995-09-18,True,4,Low,Below Expectations,Advanced Excel Techniques,117383.69,free snacks,Job board,60000,95.63948333333336,Yes,,,,,Low
834,835,Lionel O'Cannan,locannann6@discovery.com,Male,Product Management,Master's Degree,2022-11-15,True,4,Low,Needs Improvement,Public Speaking Mastery,60531.57,paid time off,Job board,60000,0.8859499999999996,No,,,,,Low
835,836,Edee Slarke,eslarken7@istockphoto.com,Female,Product Management,Professional Degree,1990-06-15,True,1,Moderate,Below Expectations,Customer Service Excellence,115563.51,performance bonuses,Social media,90000,28.40389999999999,No,,,,,Low
836,837,Webster Pleuman,wpleumann8@princeton.edu,Male,Sales,Bachelor's Degree,1997-04-18,False,3,Low,Superior,Cybersecurity Basics,69652.7,free snacks,Social media,60000,16.08783333333333,Yes,Lack of growth opportunities,2016-01-22,Career & Compensation,Voluntary,High
837,838,Alysa Cordobes,acordobesn9@sitemeter.com,Female,Accounting,Master's Degree,2001-07-19,False,4,Low,Excellent,Digital Marketing Strategies,109544.39,gym membership,Company website,85000,28.87575294117647,No,Personal reasons,2003-06-18,Personal - Life Events,Voluntary,High
838,839,Dylan Wardrope,dwardropena@cyberchimps.com,Male,Services,High School Diploma,1999-02-23,False,2,High,Satisfactory,Project Management Fundamentals,112390.66,free snacks,Company website,80000,40.488325,No,Contract ended,2016-12-30,Contract Expiration,Involuntary,Meet Expectation
839,840,Meggi Kleinfeld,mkleinfeldnb@bandcamp.com,Female,Research and Development,Associate's Degree,2002-01-24,False,1,Low,Superior,Digital Marketing Strategies,49113.65,health insurance,Social media,80000,-38.6079375,Yes,Contract ended,2017-12-29,Contract Expiration,Involuntary,High
840,841,Henriette Cherry,hcherrync@diigo.com,Female,Accounting,PhD,1994-02-06,False,3,Moderate,Superior,Customer Service Excellence,77351.68,health insurance,Social media,85000,-8.998023529411773,No,Contract ended,2003-10-28,Contract Expiration,Involuntary,High
841,842,Leshia Leil,lleilnd@yellowpages.com,Female,Support,High School Diploma,2015-11-04,False,1,High,Unsatisfactory,Negotiation Skills Workshop,149319.12,paid time off,Employee referral,75000,99.09216,Yes,Personal reasons,2022-08-18,Personal - Life Events,Voluntary,Low
842,843,Wrennie Benazet,wbenazetne@stanford.edu,Female,Services,Bachelor's Degree,2023-06-29,True,4,Moderate,Excellent,Project Management Fundamentals,88827.18,performance bonuses,Company website,80000,11.03397499999999,Yes,,,,,High
843,844,Pavla Lye,plyenf@jalbum.net,Female,Engineering,Master's Degree,1999-02-28,False,3,Moderate,Outstanding,Advanced Excel Techniques,52383.26,401k matching,Company website,60000,-12.69456666666666,Yes,Found a better opportunity,2024-03-04,Career & Compensation,Voluntary,High
844,845,Sloan Pentlow,spentlowng@reverbnation.com,Male,Marketing,Bachelor's Degree,1991-10-27,True,3,Moderate,Excellent,Customer Service Excellence,92266.48,gym membership,Social media,95000,-2.877389473684215,No,,,,,High
845,846,Catherin Ballefant,cballefantnh@jugem.jp,Female,Marketing,Professional Degree,2015-01-12,True,5,High,Needs Improvement,Customer Service Excellence,42382.08,remote work option,Company website,90000,-52.9088,No,,,,,Low
846,847,Fielding Marland,fmarlandni@hostgator.com,Male,Support,Professional Degree,2019-11-01,True,5,Moderate,Average,Effective Communication Skills,123767.62,flexible work hours,Job board,60000,106.2793666666667,Yes,,,,,Meet Expectation
847,848,Jimmie Brislan,jbrislannj@seattletimes.com,Male,Marketing,Bachelor's Degree,2006-11-17,False,2,Moderate,Unsatisfactory,Introduction to Data Science,62315.5,401k matching,Recruiter,85000,-26.68764705882353,No,Retirement,2010-10-19,Natural Attrition,Voluntary,Low
848,849,Guglielma Beentjes,gbeentjesnk@cbslocal.com,Female,Training,PhD,2015-06-25,True,2,Low,Good,Project Management Fundamentals,103419.15,performance bonuses,Social media,75000,37.8922,Yes,,,,,Meet Expectation
849,850,Josee Osmar,josmarnl@parallels.com,Female,Support,Master's Degree,2016-11-26,True,2,Low,Satisfactory,Project Management Fundamentals,125572.51,401k matching,Company website,90000,39.52501111111111,Yes,,,,,Meet Expectation
850,851,Whitby Citrine,wcitrinenm@storify.com,Male,Legal,High School Diploma,2019-01-11,True,5,Moderate,Below Expectations,Cybersecurity Basics,147617.31,remote work option,Employee referral,65000,127.1035538461538,Yes,,,,,Low
851,852,Gunner Mell,gmellnn@nasa.gov,Male,Sales,Master's Degree,1993-12-24,True,5,Low,Exceptional,Cybersecurity Basics,95160.05,flexible work hours,Job board,70000,35.94292857142857,Yes,,,,,High
852,853,Jasen Walter,jwalterno@mlb.com,Male,Training,Professional Degree,1990-10-29,False,3,High,Below Expectations,Effective Communication Skills,96416.39,paid time off,Job board,75000,28.55518666666666,Yes,Relocation,2016-08-17,Personal - Life Events,Voluntary,Low
853,854,Arnold Swires,aswiresnp@360.cn,Male,Human Resources,Professional Degree,1996-03-12,True,3,High,Average,Digital Marketing Strategies,64008.41,health insurance,Social media,65000,-1.525523076923072,Yes,,,,,Meet Expectation
854,855,Donni Sleath,dsleathnq@woothemes.com,Female,Business Development,PhD,2009-07-19,False,2,Moderate,Below Expectations,Advanced Excel Techniques,144663.72,paid time off,Company website,65000,122.5595692307692,Yes,Personal reasons,2011-06-29,Personal - Life Events,Voluntary,Low
855,856,Gustavo Dorrian,gdorriannr@github.io,Male,Services,PhD,2018-02-01,True,4,Moderate,Needs Improvement,Leadership Development Program,44699.87,paid time off,Job board,65000,-31.23096923076923,Yes,,,,,Low
856,857,Ashley Andren,aandrenns@nydailynews.com,Male,Engineering,PhD,2014-01-29,True,3,Low,Good,Negotiation Skills Workshop,134288.47,performance bonuses,Employee referral,90000,49.20941111111111,Yes,,,,,Meet Expectation
857,858,Tan Mangeon,tmangeonnt@sfgate.com,Male,Research and Development,Professional Degree,2016-01-07,True,4,Low,Exceptional,Advanced Excel Techniques,93604.78,remote work option,Employee referral,65000,44.00735384615385,Yes,,,,,High
858,859,Anatola Alvarez,aalvareznu@wikipedia.org,Female,Marketing,Bachelor's Degree,2010-07-12,False,3,Low,Outstanding,Introduction to Data Science,84010.07,company car,Employee referral,80000,5.012587500000009,Yes,Career change,2014-12-31,Career & Compensation,Voluntary,High
859,860,Scott Channing,schanningnv@ning.com,Male,Human Resources,PhD,2013-10-13,False,2,Low,Below Expectations,Cybersecurity Basics,140678.02,free snacks,Job board,65000,116.4277230769231,No,Lack of growth opportunities,2023-11-24,Career & Compensation,Voluntary,Low
860,861,Ethelyn MacGragh,emacgraghnw@seesaa.net,Female,Human Resources,PhD,1991-06-16,True,1,Moderate,Good,Introduction to Data Science,146421.79,401k matching,Company website,95000,54.12820000000001,No,,,,,Meet Expectation
861,862,Konstanze Levesque,klevesquenx@amazonaws.com,Female,Engineering,Professional Degree,2005-02-11,True,4,Moderate,Below Expectations,Effective Communication Skills,94126.41,professional development opportunities,Job board,95000,-0.919568421052628,No,,,,,Low
862,863,Doug Ties,dtiesny@sun.com,Male,Services,Master's Degree,2013-09-06,True,4,Low,Good,Project Management Fundamentals,127217.96,professional development opportunities,Recruiter,85000,49.66818823529412,No,,,,,Meet Expectation
863,864,Corney Caston,ccastonnz@sina.com.cn,Male,Product Management,Bachelor's Degree,1990-04-04,True,5,Moderate,Unsatisfactory,Leadership Development Program,66183.44,free snacks,Job board,85000,-22.1371294117647,No,,,,,Low
864,865,Thornton Goodale,tgoodaleo0@tinypic.com,Male,Product Management,Professional Degree,2017-12-13,True,3,Moderate,Below Expectations,Customer Service Excellence,110452.42,free snacks,Social media,80000,38.065525,Yes,,,,,Low
865,866,Tommie Cockman,tcockmano1@bing.com,Female,Product Management,PhD,2016-06-18,True,4,High,Good,Customer Service Excellence,79665.85,company car,Company website,90000,-11.48238888888888,Yes,,,,,Meet Expectation
866,867,Georgy Hudel,ghudelo2@samsung.com,Male,Support,High School Diploma,2016-04-24,True,1,High,Outstanding,Public Speaking Mastery,111531.38,company car,Employee referral,75000,48.70850666666667,Yes,,,,,High
867,868,Farand Conroy,fconroyo3@free.fr,Female,Business Development,High School Diploma,2006-02-16,False,5,High,Needs Improvement,Advanced Excel Techniques,136475.24,flexible work hours,Employee referral,70000,94.96462857142856,No,Contract ended,2020-03-24,Contract Expiration,Involuntary,Low
868,869,Merola Mackriell,mmackriello4@163.com,Female,Sales,Professional Degree,2003-08-15,False,4,Low,Superior,Leadership Development Program,94345.96,gym membership,Recruiter,65000,45.14763076923078,No,Lack of growth opportunities,2006-12-03,Career & Compensation,Voluntary,High
869,870,Manuel Clashe,mclasheo5@slate.com,Male,Support,Bachelor's Degree,1993-01-01,False,1,Moderate,Superior,Public Speaking Mastery,52184.53,flexible work hours,Employee referral,50000,4.369059999999998,No,Career change,2007-07-24,Career & Compensation,Voluntary,High
870,871,Lyle Wessing,lwessingo6@over-blog.com,Male,Support,PhD,1990-06-22,True,1,Low,Below Expectations,Leadership Development Program,68073.55,company car,Employee referral,90000,-24.36272222222222,Yes,,,,,Low
871,872,Micky de Amaya,mdeo7@alibaba.com,Male,Legal,Associate's Degree,2008-08-08,True,4,Moderate,Excellent,Public Speaking Mastery,136640.34,free snacks,Job board,75000,82.18712,Yes,,,,,High
872,873,Charis Zanitti,czanittio8@fastcompany.com,Female,Support,Professional Degree,1985-05-21,False,3,Low,Needs Improvement,Customer Service Excellence,100395.54,paid time off,Recruiter,65000,54.45467692307692,Yes,Health reasons,2001-09-16,Personal - Life Events,Voluntary,Low
873,874,Creigh Genicke,cgenickeo9@house.gov,Male,Training,PhD,1989-10-28,False,5,High,Average,Effective Communication Skills,136493.46,health insurance,Social media,75000,81.99127999999999,No,Career change,2005-10-27,Career & Compensation,Voluntary,Meet Expectation
874,875,Mile Minchi,mminchioa@aboutads.info,Male,Training,High School Diploma,2008-07-31,True,4,Low,Exceptional,Digital Marketing Strategies,122412.57,free snacks,Job board,60000,104.02095,No,,,,,High
875,876,Garwin Rushby,grushbyob@princeton.edu,Male,Business Development,Master's Degree,1980-08-09,False,1,Moderate,Unsatisfactory,Project Management Fundamentals,139924.03,professional development opportunities,Recruiter,75000,86.56537333333333,No,Health reasons,2005-01-12,Personal - Life Events,Voluntary,Low
876,877,Alwyn Korpal,akorpaloc@house.gov,Male,Accounting,High School Diploma,2018-08-24,True,4,High,Outstanding,Customer Service Excellence,103583.66,free snacks,Company website,75000,38.11154666666668,Yes,,,,,High
877,878,Bernete Morican,bmoricanod@reverbnation.com,Female,Human Resources,Professional Degree,2001-04-20,False,3,Low,Good,Cybersecurity Basics,121802.35,flexible work hours,Company website,70000,74.00335714285715,Yes,Found a better opportunity,2013-11-02,Career & Compensation,Voluntary,Meet Expectation
878,879,Tracee Lebel,tlebeloe@youtu.be,Female,Training,Professional Degree,1996-08-29,True,4,Low,Outstanding,Public Speaking Mastery,84686.06,remote work option,Employee referral,55000,53.97465454545453,No,,,,,High
879,880,Charity Adkins,cadkinsof@tripadvisor.com,Female,Product Management,Associate's Degree,2017-07-18,True,1,High,Needs Improvement,Project Management Fundamentals,88781.02,professional development opportunities,Social media,90000,-1.354422222222218,No,,,,,Low
880,881,Arlina Escalante,aescalanteog@uiuc.edu,Female,Training,PhD,2019-04-12,True,3,Moderate,Needs Improvement,Customer Service Excellence,123213.08,401k matching,Employee referral,50000,146.42616,No,,,,,Low
881,882,Violette Coverdill,vcoverdilloh@webmd.com,Female,Legal,Master's Degree,1997-08-22,False,1,High,Excellent,Leadership Development Program,105650.11,company car,Company website,55000,92.0911090909091,No,Lack of growth opportunities,2011-12-28,Career & Compensation,Voluntary,High
882,883,Kleon Paulo,kpaulooi@gov.uk,Male,Research and Development,Bachelor's Degree,2010-11-20,True,1,Low,Exceptional,Customer Service Excellence,54769.03,professional development opportunities,Employee referral,90000,-39.14552222222223,Yes,,,,,High
883,884,Lydia Hobgen,lhobgenoj@desdev.cn,Female,Engineering,Master's Degree,2002-10-14,True,2,Low,Average,Cybersecurity Basics,143468.88,free snacks,Recruiter,50000,186.93776,Yes,,,,,Meet Expectation
884,885,Lillian Scuse,lscuseok@mayoclinic.com,Female,Training,Professional Degree,1998-07-06,True,1,Moderate,Superior,Cybersecurity Basics,141321.85,health insurance,Recruiter,55000,156.9488181818182,Yes,,,,,High
885,886,Gaspard Chalder,gchalderol@printfriendly.com,Male,Services,PhD,2007-07-10,True,5,Moderate,Satisfactory,Cybersecurity Basics,89342.84,free snacks,Recruiter,80000,11.67855,No,,,,,Meet Expectation
886,887,Natalee Gerb,ngerbom@livejournal.com,Female,Business Development,Master's Degree,2005-10-15,False,3,Moderate,Superior,Project Management Fundamentals,127293.89,company car,Job board,95000,33.99356842105264,Yes,Career change,2011-10-12,Career & Compensation,Voluntary,High
887,888,Ennis Cowitz,ecowitzon@wired.com,Male,Sales,High School Diploma,1994-07-24,True,5,Low,Outstanding,Introduction to Data Science,138423.08,performance bonuses,Recruiter,80000,73.02884999999998,No,,,,,High
888,889,Mal Hebblethwaite,mhebblethwaiteoo@squarespace.com,Male,Services,PhD,2005-10-09,True,1,Low,Exceptional,Leadership Development Program,64723.01,remote work option,Social media,55000,17.6782,No,,,,,High
889,890,Alejoa Fetteplace,afetteplaceop@cnet.com,Male,Marketing,High School Diploma,1979-11-01,False,4,Low,Good,Public Speaking Mastery,85270.07,company car,Employee referral,95000,-10.24203157894736,Yes,Lack of growth opportunities,2006-01-26,Career & Compensation,Voluntary,Meet Expectation
890,891,Gib Guthrum,gguthrumoq@alexa.com,Male,Sales,Professional Degree,2016-03-19,True,4,High,Below Expectations,Effective Communication Skills,141592.6,paid time off,Company website,65000,117.8347692307692,No,,,,,Low
891,892,Ginny Defau,gdefauor@vinaora.com,Female,Marketing,Master's Degree,1998-07-20,True,3,Moderate,Outstanding,Introduction to Data Science,134744.0,401k matching,Company website,55000,144.9890909090909,No,,,,,High
892,893,Delphine MacRirie,dmacririeos@salon.com,Female,Product Management,Master's Degree,1994-10-03,True,1,Low,Exceptional,Public Speaking Mastery,75055.48,401k matching,Company website,75000,0.0739733333333279,No,,,,,High
893,894,Lida Caitlin,lcaitlinot@sciencedaily.com,Female,Human Resources,Master's Degree,2004-09-21,False,3,High,Unsatisfactory,Project Management Fundamentals,132971.15,professional development opportunities,Job board,55000,141.7657272727273,No,Retirement,2016-03-18,Natural Attrition,Voluntary,Low
894,895,Zachery Scupham,zscuphamou@stumbleupon.com,Male,Legal,Associate's Degree,1999-10-05,True,3,Moderate,Exceptional,Customer Service Excellence,126884.91,health insurance,Employee referral,50000,153.76982,Yes,,,,,High
895,896,Fredelia Dufaire,fdufaireov@pinterest.com,Female,Sales,PhD,1997-12-08,True,4,Moderate,Superior,Cybersecurity Basics,110526.08,company car,Company website,50000,121.05216,No,,,,,High
896,897,Cornie Barts,cbartsow@ovh.net,Male,Training,PhD,2009-08-04,False,2,Moderate,Good,Introduction to Data Science,109905.41,free snacks,Recruiter,70000,57.00772857142857,Yes,Personal reasons,2015-03-13,Personal - Life Events,Voluntary,Meet Expectation
897,898,Jodie Stucke,jstuckeox@opera.com,Female,Business Development,High School Diploma,2002-04-12,True,1,Moderate,Unsatisfactory,Public Speaking Mastery,52846.19,gym membership,Social media,50000,5.692380000000004,No,,,,,Low
898,899,Vasilis Aslam,vaslamoy@dmoz.org,Male,Engineering,Bachelor's Degree,2013-11-02,True,4,Low,Average,Digital Marketing Strategies,89083.87,free snacks,Company website,95000,-6.2275052631579,No,,,,,Meet Expectation
899,900,Bette-ann Newlands,bnewlandsoz@free.fr,Female,Services,Bachelor's Degree,2017-06-09,True,3,Low,Below Expectations,Advanced Excel Techniques,113136.64,flexible work hours,Recruiter,80000,41.4208,Yes,,,,,Low
900,901,Grantham Greenfield,ggreenfieldp0@paginegialle.it,Male,Engineering,Professional Degree,1995-02-25,True,2,Moderate,Below Expectations,Effective Communication Skills,75188.71,flexible work hours,Employee referral,90000,-16.45698888888888,Yes,,,,,Low
901,902,Josiah Leming,jlemingp1@wp.com,Male,Services,Professional Degree,1992-08-05,True,4,Low,Good,Advanced Excel Techniques,120841.76,performance bonuses,Social media,95000,27.20185263157894,Yes,,,,,Meet Expectation
902,903,Eba Densell,edensellp2@themeforest.net,Female,Engineering,Master's Degree,2022-07-17,True,5,Moderate,Unsatisfactory,Advanced Excel Techniques,134643.52,company car,Recruiter,90000,49.6039111111111,Yes,,,,,Low
903,904,Daffy Aronstam,daronstamp3@un.org,Female,Marketing,Bachelor's Degree,1983-05-30,False,2,Moderate,Unsatisfactory,Cybersecurity Basics,97835.88,performance bonuses,Social media,75000,30.44784,No,Career change,2009-05-21,Career & Compensation,Voluntary,Low
904,905,Garret Duran,gduranp4@google.com.br,Male,Research and Development,Bachelor's Degree,2010-07-25,True,1,Moderate,Satisfactory,Project Management Fundamentals,85206.52,health insurance,Social media,90000,-5.326088888888885,Yes,,,,,Meet Expectation
905,906,Devlin Hassell,dhassellp5@dedecms.com,Male,Research and Development,Professional Degree,2022-11-09,True,2,High,Needs Improvement,Digital Marketing Strategies,73911.37,professional development opportunities,Job board,55000,34.38430909090908,No,,,,,Low
906,907,Boyd Roggieri,broggierip6@paypal.com,Male,Services,Master's Degree,2021-06-18,True,1,Low,Satisfactory,Effective Communication Skills,64306.52,health insurance,Employee referral,90000,-28.54831111111111,Yes,,,,,Meet Expectation
907,908,Celene Chancelier,cchancelierp7@lycos.com,Female,Product Management,Associate's Degree,2004-07-19,True,2,Low,Below Expectations,Public Speaking Mastery,56798.48,flexible work hours,Social media,85000,-33.17825882352941,Yes,,,,,Low
908,909,Jessalin Rainford,jrainfordp8@xrea.com,Female,Training,Master's Degree,1989-10-13,False,3,Moderate,Needs Improvement,Digital Marketing Strategies,46867.15,performance bonuses,Job board,95000,-50.66615789473684,No,Career change,2015-05-20,Career & Compensation,Voluntary,Low
909,910,Jameson Zuppa,jzuppap9@time.com,Male,Human Resources,Associate's Degree,1995-07-17,True,2,Low,Exceptional,Leadership Development Program,48948.83,professional development opportunities,Social media,55000,-11.00212727272727,No,,,,,High
910,911,Veronique Ferreli,vferrelipa@accuweather.com,Female,Sales,Bachelor's Degree,1992-12-26,True,5,High,Needs Improvement,Introduction to Data Science,67971.58,remote work option,Employee referral,85000,-20.03343529411764,No,,,,,Low
911,912,Allene Pearmain,apearmainpb@chronoengine.com,Female,Training,Professional Degree,2001-05-27,True,5,High,Below Expectations,Advanced Excel Techniques,126818.2,paid time off,Job board,80000,58.52275,No,,,,,Low
912,913,Morie Melly,mmellypc@pinterest.com,Male,Sales,Associate's Degree,1994-01-14,False,2,High,Superior,Public Speaking Mastery,95790.44,performance bonuses,Company website,90000,6.433822222222226,No,Found a better opportunity,2003-05-16,Career & Compensation,Voluntary,High
913,914,Tammie Bagster,tbagsterpd@csmonitor.com,Female,Legal,PhD,1991-01-16,False,3,Low,Superior,Digital Marketing Strategies,141010.75,remote work option,Job board,60000,135.0179166666667,No,Personal reasons,2006-10-31,Personal - Life Events,Voluntary,High
914,915,Keary Poyntz,kpoyntzpe@upenn.edu,Male,Product Management,Associate's Degree,2008-06-10,True,5,High,Superior,Negotiation Skills Workshop,144825.71,401k matching,Company website,95000,52.44811578947367,Yes,,,,,High
915,916,Rutherford Anneslie,rannesliepf@technorati.com,Male,Legal,High School Diploma,1996-10-22,False,1,Moderate,Satisfactory,Public Speaking Mastery,91373.55,free snacks,Social media,95000,-3.817315789473681,Yes,Career change,2004-01-30,Career & Compensation,Voluntary,Meet Expectation
916,917,Valida Trousdell,vtrousdellpg@hatena.ne.jp,Female,Legal,Professional Degree,1980-10-11,False,3,Moderate,Excellent,Leadership Development Program,82351.95,performance bonuses,Job board,90000,-8.497833333333336,Yes,Personal reasons,2002-10-02,Personal - Life Events,Voluntary,High
917,918,Nicolina Sibbit,nsibbitph@studiopress.com,Female,Training,Bachelor's Degree,1998-10-05,True,4,Low,Unsatisfactory,Customer Service Excellence,69236.61,paid time off,Employee referral,85000,-18.54516470588235,No,,,,,Low
918,919,Adair Grix,agrixpi@xing.com,Male,Services,Bachelor's Degree,2004-12-30,True,4,Low,Average,Negotiation Skills Workshop,128293.58,professional development opportunities,Social media,80000,60.366975,Yes,,,,,Meet Expectation
919,920,Ryann Jobbins,rjobbinspj@yelp.com,Female,Business Development,Bachelor's Degree,1990-02-10,False,1,Moderate,Superior,Public Speaking Mastery,111231.65,health insurance,Recruiter,55000,102.2393636363636,Yes,Retirement,2020-02-25,Natural Attrition,Voluntary,High
920,921,Iggy Bengal,ibengalpk@chron.com,Male,Accounting,Bachelor's Degree,1998-11-15,False,3,Moderate,Excellent,Customer Service Excellence,93118.94,remote work option,Company website,80000,16.398675,No,Career change,2008-04-01,Career & Compensation,Voluntary,High
921,922,Umeko Cantu,ucantupl@wunderground.com,Female,Research and Development,Professional Degree,2006-10-29,True,5,Moderate,Satisfactory,Customer Service Excellence,86065.07,401k matching,Social media,90000,-4.372144444444437,No,,,,,Meet Expectation
922,923,Barth Craddock,bcraddockpm@ibm.com,Male,Sales,Bachelor's Degree,1993-05-06,True,5,Moderate,Superior,Cybersecurity Basics,132256.37,401k matching,Recruiter,65000,103.4713384615385,No,,,,,High
923,924,Edeline Cuesta,ecuestapn@ted.com,Female,Support,Bachelor's Degree,1990-12-19,False,2,Low,Unsatisfactory,Leadership Development Program,65108.22,company car,Recruiter,90000,-27.65753333333333,Yes,Family commitments,2019-05-13,Personal - Life Events,Voluntary,Low
924,925,Felipe Ravenscraft,fravenscraftpo@oracle.com,Male,Human Resources,Professional Degree,2001-07-28,True,4,High,Unsatisfactory,Customer Service Excellence,83468.18,health insurance,Social media,65000,28.41258461538461,No,,,,,Low
925,926,Izaak Yele,iyelepp@foxnews.com,Male,Research and Development,Associate's Degree,2011-11-21,True,2,High,Excellent,Advanced Excel Techniques,128899.67,professional development opportunities,Recruiter,75000,71.86622666666666,Yes,,,,,High
926,927,Karoline Bellinger,kbellingerpq@bing.com,Female,Accounting,Associate's Degree,2011-12-17,False,5,Moderate,Exceptional,Introduction to Data Science,66142.04,company car,Recruiter,60000,10.23673333333332,No,Career change,2013-08-22,Career & Compensation,Voluntary,High
927,928,Normy Rounsefull,nrounsefullpr@answers.com,Male,Legal,Associate's Degree,2013-03-20,True,1,Moderate,Excellent,Introduction to Data Science,109528.47,flexible work hours,Company website,60000,82.54745,Yes,,,,,High
928,929,Gilly Maginot,gmaginotps@mediafire.com,Female,Sales,Professional Degree,1998-12-27,True,1,High,Good,Cybersecurity Basics,134885.41,company car,Job board,95000,41.98464210526316,No,,,,,Meet Expectation
929,930,Elsi Fehner,efehnerpt@comsenz.com,Female,Accounting,Master's Degree,2000-07-14,True,2,Moderate,Excellent,Advanced Excel Techniques,48542.68,paid time off,Employee referral,70000,-30.65331428571428,No,,,,,High
930,931,Judas Kenright,jkenrightpu@census.gov,Male,Human Resources,High School Diploma,2011-03-29,True,4,Low,Average,Digital Marketing Strategies,83944.72,company car,Recruiter,60000,39.90786666666667,Yes,,,,,Meet Expectation
931,932,Vicky Djakovic,vdjakovicpv@abc.net.au,Female,Legal,PhD,1991-01-14,True,4,Moderate,Unsatisfactory,Digital Marketing Strategies,102096.5,company car,Recruiter,50000,104.193,No,,,,,Low
932,933,Karalynn Wallsworth,kwallsworthpw@goo.gl,Female,Accounting,Professional Degree,1995-02-08,True,4,Low,Excellent,Customer Service Excellence,53042.79,professional development opportunities,Social media,85000,-37.59671764705882,No,,,,,High
933,934,Miquela Dyos,mdyospx@netscape.com,Female,Support,PhD,2016-10-14,True,2,Moderate,Superior,Cybersecurity Basics,59289.09,paid time off,Company website,85000,-30.24812941176471,Yes,,,,,High
934,935,Barbaraanne Andrez,bandrezpy@prnewswire.com,Female,Support,Professional Degree,1992-05-14,True,1,Moderate,Unsatisfactory,Public Speaking Mastery,80020.97,company car,Recruiter,95000,-15.7674,Yes,,,,,Low
935,936,Vachel Tunaclift,vtunacliftpz@yolasite.com,Male,Product Management,PhD,1991-06-12,True,2,High,Superior,Leadership Development Program,134711.13,gym membership,Job board,85000,58.48368235294118,No,,,,,High
936,937,Cynthy Sawl,csawlq0@google.nl,Female,Sales,Master's Degree,2002-03-10,False,1,High,Unsatisfactory,Project Management Fundamentals,97970.64,company car,Recruiter,90000,8.856266666666667,No,Company downsizing,2008-02-24,Organizational Restructuring,Involuntary,Low
937,938,Catlin Luton,clutonq1@tinyurl.com,Female,Accounting,Professional Degree,2004-09-16,True,3,Low,Good,Negotiation Skills Workshop,111355.1,401k matching,Employee referral,50000,122.7102,Yes,,,,,Meet Expectation
938,939,Benson Ahrend,bahrendq2@furl.net,Male,Services,Professional Degree,2007-12-16,True,5,Moderate,Superior,Public Speaking Mastery,46318.28,401k matching,Job board,60000,-22.80286666666667,Yes,,,,,High
939,940,Frederick Camps,fcampsq3@imageshack.us,Male,Accounting,PhD,1999-06-01,False,4,High,Exceptional,Customer Service Excellence,143177.49,gym membership,Employee referral,90000,59.08609999999999,Yes,Family commitments,2005-12-14,Personal - Life Events,Voluntary,High
940,941,Mirna Waterfield,mwaterfieldq4@xrea.com,Female,Marketing,Bachelor's Degree,1995-02-10,False,5,Low,Superior,Introduction to Data Science,75471.23,health insurance,Job board,65000,16.10958461538461,Yes,Contract ended,2013-11-02,Contract Expiration,Involuntary,High
941,942,Anni Francioli,afrancioliq5@whitehouse.gov,Female,Human Resources,Bachelor's Degree,2001-03-20,False,4,High,Below Expectations,Cybersecurity Basics,131502.41,remote work option,Recruiter,80000,64.3780125,Yes,Career change,2019-08-29,Career & Compensation,Voluntary,Low
942,943,Yanaton Wheater,ywheaterq6@cyberchimps.com,Male,Support,Associate's Degree,2018-02-19,False,3,Low,Excellent,Leadership Development Program,78830.44,free snacks,Company website,55000,43.32807272727273,Yes,Company downsizing,2020-01-07,Organizational Restructuring,Involuntary,High
943,944,Salli Coey,scoeyq7@com.com,Female,Support,Bachelor's Degree,1994-10-28,False,4,Moderate,Excellent,Customer Service Excellence,89783.78,401k matching,Recruiter,80000,12.229725,No,Family commitments,2002-03-26,Personal - Life Events,Voluntary,High
944,945,Nolana Colclough,ncolcloughq8@sitemeter.com,Female,Services,Professional Degree,2006-11-05,True,5,Low,Average,Cybersecurity Basics,67831.08,paid time off,Social media,50000,35.66216000000001,No,,,,,Meet Expectation
945,946,Serene Orrin,sorrinq9@ucoz.ru,Female,Business Development,Professional Degree,2007-07-11,True,4,High,Exceptional,Digital Marketing Strategies,139867.34,gym membership,Company website,70000,99.81048571428572,Yes,,,,,High
946,947,Addy Crimp,acrimpqa@wsj.com,Male,Sales,High School Diploma,2013-02-26,True,1,Moderate,Average,Advanced Excel Techniques,116106.53,gym membership,Job board,55000,111.1027818181818,No,,,,,Meet Expectation
947,948,Kimbra Vedishchev,kvedishchevqb@instagram.com,Female,Accounting,Associate's Degree,2021-11-10,True,4,High,Satisfactory,Customer Service Excellence,112007.9,company car,Social media,55000,103.6507272727273,No,,,,,Meet Expectation
948,949,Guthrey Trembley,gtrembleyqc@nasa.gov,Male,Business Development,Bachelor's Degree,2007-02-19,False,5,Moderate,Average,Leadership Development Program,74503.41,health insurance,Recruiter,65000,14.62063076923078,Yes,Lack of growth opportunities,2021-02-27,Career & Compensation,Voluntary,Meet Expectation
949,950,Chuck Parrington,cparringtonqd@github.com,Male,Marketing,PhD,1990-07-12,True,1,Moderate,Unsatisfactory,Project Management Fundamentals,80102.06,performance bonuses,Employee referral,90000,-10.99771111111111,Yes,,,,,Low
950,951,Bronny Howler,bhowlerqe@huffingtonpost.com,Male,Sales,Professional Degree,2002-05-06,True,2,High,Outstanding,Customer Service Excellence,95391.04,health insurance,Employee referral,75000,27.18805333333332,Yes,,,,,High
951,952,Laura MacCole,lmaccoleqf@woothemes.com,Female,Support,Associate's Degree,2018-03-20,True,2,High,Satisfactory,Leadership Development Program,76498.03,company car,Recruiter,70000,9.282899999999998,No,,,,,Meet Expectation
952,953,Kandace Pigott,kpigottqg@twitter.com,Female,Human Resources,Associate's Degree,2003-08-15,True,5,Moderate,Excellent,Negotiation Skills Workshop,47070.36,company car,Recruiter,50000,-5.859279999999998,Yes,,,,,High
953,954,Vite Byrne,vbyrneqh@noaa.gov,Male,Services,Master's Degree,2002-11-25,False,5,Low,Below Expectations,Effective Communication Skills,78623.34,performance bonuses,Company website,90000,-12.64073333333334,No,Contract ended,2004-12-10,Contract Expiration,Involuntary,Low
954,955,Cherie Mazzeo,cmazzeoqi@rediff.com,Female,Human Resources,High School Diploma,1996-12-08,False,3,Moderate,Below Expectations,Customer Service Excellence,86332.19,401k matching,Company website,90000,-4.075344444444442,No,Relocation,2017-11-12,Personal - Life Events,Voluntary,Low
955,956,Fanchon Anten,fantenqj@soup.io,Female,Marketing,Associate's Degree,2015-11-19,False,2,High,Needs Improvement,Public Speaking Mastery,91741.98,company car,Recruiter,85000,7.931741176470583,No,Family commitments,2018-01-03,Personal - Life Events,Voluntary,Low
956,957,Matteo Burchmore,mburchmoreqk@cnbc.com,Male,Business Development,Master's Degree,2016-12-21,True,3,Moderate,Satisfactory,Introduction to Data Science,100299.11,flexible work hours,Recruiter,55000,82.36201818181819,Yes,,,,,Meet Expectation
957,958,Chan Macewan,cmacewanql@phoca.cz,Male,Business Development,PhD,1981-08-02,False,5,Low,Outstanding,Public Speaking Mastery,68630.6,flexible work hours,Recruiter,70000,-1.956285714285706,Yes,Personal reasons,2001-12-23,Personal - Life Events,Voluntary,High
958,959,Cesare Premble,cprembleqm@newyorker.com,Male,Accounting,Associate's Degree,2019-07-14,True,5,High,Needs Improvement,Customer Service Excellence,71877.7,company car,Company website,70000,2.682428571428567,No,,,,,Low
959,960,Lynsey Wearn,lwearnqn@chicagotribune.com,Female,Services,Master's Degree,1992-12-10,False,1,Low,Excellent,Project Management Fundamentals,58544.42,health insurance,Employee referral,70000,-16.36511428571429,Yes,Retirement,2007-01-02,Natural Attrition,Voluntary,High
960,961,Kerrie Hugnet,khugnetqo@usgs.gov,Female,Engineering,High School Diploma,1993-11-10,False,3,High,Needs Improvement,Introduction to Data Science,136190.51,company car,Job board,90000,51.3227888888889,Yes,Retirement,2011-12-26,Natural Attrition,Voluntary,Low
961,962,Theodosia Gorick,tgorickqp@webeden.co.uk,Female,Sales,Master's Degree,1999-03-15,True,5,High,Superior,Digital Marketing Strategies,73545.75,performance bonuses,Job board,50000,47.0915,Yes,,,,,High
962,963,Nonie Crat,ncratqq@is.gd,Female,Sales,High School Diploma,2009-11-02,True,5,Low,Good,Cybersecurity Basics,75007.36,paid time off,Job board,55000,36.37701818181818,No,,,,,Meet Expectation
963,964,Madge Bonhill,mbonhillqr@msu.edu,Female,Marketing,Associate's Degree,2011-03-15,True,2,High,Good,Public Speaking Mastery,149194.59,flexible work hours,Employee referral,80000,86.49323749999999,No,,,,,Meet Expectation
964,965,Tybalt Bartaloni,tbartaloniqs@weibo.com,Male,Human Resources,PhD,2020-10-25,True,4,High,Unsatisfactory,Introduction to Data Science,87765.05,paid time off,Job board,80000,9.706312500000005,Yes,,,,,Low
965,966,Daniele MacGovern,dmacgovernqt@alexa.com,Female,Accounting,High School Diploma,1998-06-27,True,3,High,Average,Public Speaking Mastery,97303.68,remote work option,Employee referral,95000,2.424926315789466,Yes,,,,,Meet Expectation
966,967,Zebedee De Vere,zdequ@de.vu,Male,Sales,High School Diploma,2013-11-23,False,2,High,Needs Improvement,Public Speaking Mastery,51817.94,health insurance,Company website,75000,-30.90941333333333,Yes,Retirement,2016-10-31,Natural Attrition,Voluntary,Low
967,968,Sheeree Imlaw,simlawqv@ihg.com,Female,Training,High School Diploma,2017-04-28,True,4,Low,Good,Introduction to Data Science,129381.85,free snacks,Employee referral,75000,72.50913333333334,Yes,,,,,Meet Expectation
968,969,Maddalena Liquorish,mliquorishqw@sogou.com,Female,Engineering,Bachelor's Degree,1997-09-21,True,4,Low,Good,Negotiation Skills Workshop,118812.67,performance bonuses,Job board,95000,25.06596842105263,No,,,,,Meet Expectation
969,970,Cody Girvan,cgirvanqx@spiegel.de,Male,Marketing,Master's Degree,2000-10-07,True,4,Moderate,Excellent,Advanced Excel Techniques,113189.64,401k matching,Employee referral,80000,41.48705,No,,,,,High
970,971,Rosanna Linthead,rlintheadqy@about.me,Female,Accounting,Associate's Degree,2013-06-10,True,3,Low,Excellent,Project Management Fundamentals,121699.54,401k matching,Recruiter,55000,121.2718909090909,No,,,,,High
971,972,Staci Wilder,swilderqz@hubpages.com,Female,Legal,Associate's Degree,2003-05-10,False,5,High,Below Expectations,Introduction to Data Science,73073.22,free snacks,Job board,55000,32.8604,No,Found a better opportunity,2015-04-14,Career & Compensation,Voluntary,Low
972,973,Ardith Dadd,adaddr0@comcast.net,Female,Training,PhD,2013-10-04,True,5,Moderate,Superior,Introduction to Data Science,56710.82,flexible work hours,Employee referral,90000,-36.98797777777778,No,,,,,High
973,974,Estevan Wickrath,ewickrathr1@nsw.gov.au,Male,Training,Associate's Degree,1996-01-29,False,5,Moderate,Good,Negotiation Skills Workshop,72088.19,health insurance,Recruiter,70000,2.983128571428575,Yes,Health reasons,2023-07-27,Personal - Life Events,Voluntary,Meet Expectation
974,975,Ezequiel Litchmore,elitchmorer2@over-blog.com,Male,Sales,Professional Degree,2013-12-27,False,2,Low,Outstanding,Advanced Excel Techniques,117890.81,health insurance,Company website,95000,24.09558947368421,No,Relocation,2016-12-15,Personal - Life Events,Voluntary,High
975,976,Berty Bordes,bbordesr3@nps.gov,Male,Training,Bachelor's Degree,2006-01-25,True,2,Moderate,Satisfactory,Public Speaking Mastery,84033.79,company car,Social media,55000,52.78870909090908,Yes,,,,,Meet Expectation
976,977,Jules Cosley,jcosleyr4@ted.com,Male,Sales,Master's Degree,2020-03-08,True,1,Moderate,Satisfactory,Customer Service Excellence,141825.02,flexible work hours,Recruiter,70000,102.6071714285714,Yes,,,,,Meet Expectation
977,978,Pearline Ferrier,pferrierr5@wix.com,Female,Legal,High School Diploma,2008-06-22,True,5,High,Good,Effective Communication Skills,60033.15,health insurance,Employee referral,80000,-24.9585625,Yes,,,,,Meet Expectation
978,979,Tommy Danis,tdanisr6@home.pl,Male,Legal,PhD,2009-10-15,True,3,High,Unsatisfactory,Negotiation Skills Workshop,75297.1,health insurance,Company website,75000,0.3961333333333411,Yes,,,,,Low
979,980,Foss Dudden,fduddenr7@usgs.gov,Male,Marketing,Master's Degree,1991-04-09,True,1,Moderate,Exceptional,Customer Service Excellence,83365.93,professional development opportunities,Recruiter,60000,38.94321666666665,No,,,,,High
980,981,Lacey Stiling,lstilingr8@yandex.ru,Female,Marketing,Master's Degree,2001-07-17,True,3,Moderate,Outstanding,Negotiation Skills Workshop,147803.37,performance bonuses,Employee referral,90000,64.22596666666665,No,,,,,High
981,982,Clayborne Weeke,cweeker9@gnu.org,Male,Legal,Bachelor's Degree,2013-01-15,True,2,Low,Satisfactory,Project Management Fundamentals,41075.65,company car,Recruiter,90000,-54.36038888888889,No,,,,,Meet Expectation
982,983,Nicoli Batchan,nbatchanra@csmonitor.com,Female,Services,Associate's Degree,2011-09-09,True,4,Low,Unsatisfactory,Advanced Excel Techniques,132511.52,gym membership,Social media,75000,76.68202666666664,No,,,,,Low
983,984,Ring McGuiness,rmcguinessrb@kickstarter.com,Male,Accounting,PhD,1996-03-14,True,5,Moderate,Needs Improvement,Public Speaking Mastery,72964.65,free snacks,Recruiter,50000,45.92929999999999,Yes,,,,,Low
984,985,Bendick Gillott,bgillottrc@edublogs.org,Male,Research and Development,Master's Degree,2017-06-24,False,2,Moderate,Outstanding,Advanced Excel Techniques,96927.34,company car,Employee referral,50000,93.85468,Yes,Lack of growth opportunities,2024-04-09,Career & Compensation,Voluntary,High
985,986,Derrik Kohring,dkohringrd@delicious.com,Male,Human Resources,PhD,2007-12-30,False,3,High,Needs Improvement,Introduction to Data Science,40662.72,professional development opportunities,Recruiter,90000,-54.8192,No,Relocation,2021-04-22,Personal - Life Events,Voluntary,Low
986,987,Gorden Johnstone,gjohnstonere@163.com,Male,Training,Associate's Degree,1975-05-16,False,4,Moderate,Average,Public Speaking Mastery,124970.58,performance bonuses,Job board,65000,92.26243076923078,Yes,Health reasons,2005-02-18,Personal - Life Events,Voluntary,Meet Expectation
987,988,Hillery Darrow,hdarrowrf@youtu.be,Male,Engineering,Bachelor's Degree,1994-07-14,False,1,High,Excellent,Advanced Excel Techniques,133044.92,401k matching,Company website,60000,121.7415333333334,No,Career change,2007-06-24,Career & Compensation,Voluntary,High
988,989,Edyth Charsley,echarsleyrg@youtube.com,Female,Legal,PhD,1993-05-17,True,2,Low,Average,Leadership Development Program,96692.76,free snacks,Employee referral,55000,75.80501818181817,Yes,,,,,Meet Expectation
989,990,Darlleen Dainty,ddaintyrh@wikispaces.com,Female,Support,PhD,2011-03-18,True,5,High,Exceptional,Public Speaking Mastery,100197.14,gym membership,Company website,70000,43.13877142857142,Yes,,,,,High
990,991,Jori Cymper,jcymperri@godaddy.com,Female,Support,High School Diploma,1994-07-02,False,3,High,Average,Customer Service Excellence,89815.43,health insurance,Company website,95000,-5.457442105263166,No,Lack of growth opportunities,2014-02-15,Career & Compensation,Voluntary,Meet Expectation
991,992,Aylmer Tofts,atoftsrj@cdc.gov,Male,Training,Professional Degree,1999-12-23,True,3,High,Exceptional,Leadership Development Program,53832.98,health insurance,Company website,60000,-10.27836666666666,No,,,,,High
992,993,Bevon Esson,bessonrk@virginia.edu,Male,Accounting,Master's Degree,1993-10-12,False,4,High,Below Expectations,Project Management Fundamentals,57497.29,free snacks,Company website,85000,-32.35612941176471,Yes,Personal reasons,2020-10-05,Personal - Life Events,Voluntary,Low
993,994,Kally Eymer,keymerrl@networksolutions.com,Female,Engineering,Professional Degree,2009-09-12,True,2,Low,Outstanding,Advanced Excel Techniques,134971.94,company car,Recruiter,55000,145.4035272727273,Yes,,,,,High
994,995,Shermie Valentelli,svalentellirm@newyorker.com,Male,Sales,Bachelor's Degree,1992-10-08,True,1,Moderate,Excellent,Effective Communication Skills,113220.64,gym membership,Company website,55000,105.8557090909091,Yes,,,,,High
995,996,Curcio Metcalfe,cmetcalfern@sitemeter.com,Male,Services,Associate's Degree,1992-09-09,True,1,Moderate,Superior,Introduction to Data Science,101776.31,performance bonuses,Recruiter,65000,56.57893846153846,Yes,,,,,High
996,997,Paulette Bentham,pbenthamro@kickstarter.com,Female,Sales,Associate's Degree,1994-07-23,False,1,Moderate,Average,Customer Service Excellence,87138.23,401k matching,Job board,85000,2.515564705882348,No,Personal reasons,2016-02-15,Personal - Life Events,Voluntary,Meet Expectation
997,998,Hamlen McGarrell,hmcgarrellrp@cyberchimps.com,Male,Business Development,PhD,2016-03-15,True,3,High,Excellent,Leadership Development Program,81965.37,gym membership,Employee referral,90000,-8.927366666666673,Yes,,,,,High
998,999,Janina Litel,jlitelrq@google.ca,Female,Marketing,PhD,1993-06-01,True,5,Low,Exceptional,Project Management Fundamentals,83530.6,gym membership,Job board,55000,51.87381818181819,Yes,,,,,High
999,1000,Shelbi Corriea,scorriearr@time.com,Female,Sales,Master's Degree,2000-01-04,False,4,Moderate,Average,Leadership Development Program,65677.83,professional development opportunities,Recruiter,80000,-17.9027125,Yes,Career change,2018-08-22,Career & Compensation,Voluntary,Meet Expectation
